from date,PM2.5,PM10,NO2,NO,NOx,NH3,SO2,CO,Ozone,Benzene,Toluene,Xylene,MP-Xylene,Eth-Benzene,AT,RH,WS,WD,VWS,BP,SR,to date,station
01-Jan-2019 - 00:00,,,,,,,,,,,,,,,,,,,,,,02-Jan-2019 - 00:00,"Ballygunge, Kolkata - WBPCB"
02-Jan-2019 - 00:00,,,,,,,,,,,,,,,,,,,,,,03-Jan-2019 - 00:00,"Ballygunge, Kolkata - WBPCB"
03-Jan-2019 - 00:00,,,,,,,,,,,,,,,,,,,,,,04-Jan-2019 - 00:00,"Ballygunge, Kolkata - WBPCB"
04-Jan-2019 - 00:00,,,,,,,,,,,,,,,,,,,,,,05-Jan-2019 - 00:00,"Ballygunge, Kolkata - WBPCB"
05-Jan-2019 - 00:00,,,,,,,,,,,,,,,,,,,,,,06-Jan-2019 - 00:00,"Ballygunge, Kolkata - WBPCB"
06-Jan-2019 - 00:00,,,,,,,,,,,,,,,,,,,,,,07-Jan-2019 - 00:00,"Ballygunge, Kolkata - WBPCB"
07-Jan-2019 - 00:00,,,,,,,,,,,,,,,,,,,,,,08-Jan-2019 - 00:00,"Ballygunge, Kolkata - WBPCB"
08-Jan-2019 - 00:00,,,,,,,,,,,,,,,,,,,,,,09-Jan-2019 - 00:00,"Ballygunge, Kolkata - WBPCB"
09-Jan-2019 - 00:00,,,,,,,,,,,,,,,,,,,,,,10-Jan-2019 - 00:00,"Ballygunge, Kolkata - WBPCB"
10-Jan-2019 - 00:00,,,,,,,,,,,,,,,,,,,,,,11-Jan-2019 - 00:00,"Ballygunge, Kolkata - WBPCB"
11-Jan-2019 - 00:00,,,,,,,,,,,,,,,,,,,,,,12-Jan-2019 - 00:00,"Ballygunge, Kolkata - WBPCB"
12-Jan-2019 - 00:00,,,,,,,,,,,,,,,,,,,,,,13-Jan-2019 - 00:00,"Ballygunge, Kolkata - WBPCB"
13-Jan-2019 - 00:00,,,,,,,,,,,,,,,,,,,,,,14-Jan-2019 - 00:00,"Ballygunge, Kolkata - WBPCB"
14-Jan-2019 - 00:00,,,,,,,,,,,,,,,,,,,,,,15-Jan-2019 - 00:00,"Ballygunge, Kolkata - WBPCB"
15-Jan-2019 - 00:00,,,,,,,,,,,,,,,,,,,,,,16-Jan-2019 - 00:00,"Ballygunge, Kolkata - WBPCB"
16-Jan-2019 - 00:00,,,,,,,,,,,,,,,,,,,,,,17-Jan-2019 - 00:00,"Ballygunge, Kolkata - WBPCB"
17-Jan-2019 - 00:00,,,,,,,,,,,,,,,,,,,,,,18-Jan-2019 - 00:00,"Ballygunge, Kolkata - WBPCB"
18-Jan-2019 - 00:00,,,,,,,,,,,,,,,,,,,,,,19-Jan-2019 - 00:00,"Ballygunge, Kolkata - WBPCB"
19-Jan-2019 - 00:00,,,,,,,,,,,,,,,,,,,,,,20-Jan-2019 - 00:00,"Ballygunge, Kolkata - WBPCB"
20-Jan-2019 - 00:00,,,,,,,,,,,,,,,,,,,,,,21-Jan-2019 - 00:00,"Ballygunge, Kolkata - WBPCB"
21-Jan-2019 - 00:00,,,,,,,,,,,,,,,,,,,,,,22-Jan-2019 - 00:00,"Ballygunge, Kolkata - WBPCB"
22-Jan-2019 - 00:00,,,,,,,,,,,,,,,,,,,,,,23-Jan-2019 - 00:00,"Ballygunge, Kolkata - WBPCB"
23-Jan-2019 - 00:00,,,,,,,,,,,,,,,,,,,,,,24-Jan-2019 - 00:00,"Ballygunge, Kolkata - WBPCB"
24-Jan-2019 - 00:00,,,,,,,,,,,,,,,,,,,,,,25-Jan-2019 - 00:00,"Ballygunge, Kolkata - WBPCB"
25-Jan-2019 - 00:00,,,,,,,,,,,,,,,,,,,,,,26-Jan-2019 - 00:00,"Ballygunge, Kolkata - WBPCB"
26-Jan-2019 - 00:00,,,,,,,,,,,,,,,,,,,,,,27-Jan-2019 - 00:00,"Ballygunge, Kolkata - WBPCB"
27-Jan-2019 - 00:00,,,,,,,,,,,,,,,,,,,,,,28-Jan-2019 - 00:00,"Ballygunge, Kolkata - WBPCB"
28-Jan-2019 - 00:00,,,,,,,,,,,,,,,,,,,,,,29-Jan-2019 - 00:00,"Ballygunge, Kolkata - WBPCB"
29-Jan-2019 - 00:00,,,,,,,,,,,,,,,,,,,,,,30-Jan-2019 - 00:00,"Ballygunge, Kolkata - WBPCB"
30-Jan-2019 - 00:00,,,,,,,,,,,,,,,,,,,,,,31-Jan-2019 - 00:00,"Ballygunge, Kolkata - WBPCB"
31-Jan-2019 - 00:00,,,,,,,,,,,,,,,,,,,,,,01-Feb-2019 - 00:00,"Ballygunge, Kolkata - WBPCB"
01-Feb-2019 - 00:00,,,,,,,,,,,,,,,,,,,,,,02-Feb-2019 - 00:00,"Ballygunge, Kolkata - WBPCB"
02-Feb-2019 - 00:00,,,,,,,,,,,,,,,,,,,,,,03-Feb-2019 - 00:00,"Ballygunge, Kolkata - WBPCB"
03-Feb-2019 - 00:00,,,,,,,,,,,,,,,,,,,,,,04-Feb-2019 - 00:00,"Ballygunge, Kolkata - WBPCB"
04-Feb-2019 - 00:00,,,,,,,,,,,,,,,,,,,,,,05-Feb-2019 - 00:00,"Ballygunge, Kolkata - WBPCB"
05-Feb-2019 - 00:00,,,,,,,,,,,,,,,,,,,,,,06-Feb-2019 - 00:00,"Ballygunge, Kolkata - WBPCB"
06-Feb-2019 - 00:00,,,,,,,,,,,,,,,,,,,,,,07-Feb-2019 - 00:00,"Ballygunge, Kolkata - WBPCB"
07-Feb-2019 - 00:00,,,,,,,,,,,,,,,,,,,,,,08-Feb-2019 - 00:00,"Ballygunge, Kolkata - WBPCB"
08-Feb-2019 - 00:00,,,,,,,,,,,,,,,,,,,,,,09-Feb-2019 - 00:00,"Ballygunge, Kolkata - WBPCB"
09-Feb-2019 - 00:00,,,,,,,,,,,,,,,,,,,,,,10-Feb-2019 - 00:00,"Ballygunge, Kolkata - WBPCB"
10-Feb-2019 - 00:00,,,,,,,,,,,,,,,,,,,,,,11-Feb-2019 - 00:00,"Ballygunge, Kolkata - WBPCB"
11-Feb-2019 - 00:00,,,,,,,,,,,,,,,,,,,,,,12-Feb-2019 - 00:00,"Ballygunge, Kolkata - WBPCB"
12-Feb-2019 - 00:00,,,,,,,,,,,,,,,,,,,,,,13-Feb-2019 - 00:00,"Ballygunge, Kolkata - WBPCB"
13-Feb-2019 - 00:00,,,,,,,,,,,,,,,,,,,,,,14-Feb-2019 - 00:00,"Ballygunge, Kolkata - WBPCB"
14-Feb-2019 - 00:00,,,,,,,,,,,,,,,,,,,,,,15-Feb-2019 - 00:00,"Ballygunge, Kolkata - WBPCB"
15-Feb-2019 - 00:00,,,,,,,,,,,,,,,,,,,,,,16-Feb-2019 - 00:00,"Ballygunge, Kolkata - WBPCB"
16-Feb-2019 - 00:00,,,,,,,,,,,,,,,,,,,,,,17-Feb-2019 - 00:00,"Ballygunge, Kolkata - WBPCB"
17-Feb-2019 - 00:00,,,,,,,,,,,,,,,,,,,,,,18-Feb-2019 - 00:00,"Ballygunge, Kolkata - WBPCB"
18-Feb-2019 - 00:00,,,,,,,,,,,,,,,,,,,,,,19-Feb-2019 - 00:00,"Ballygunge, Kolkata - WBPCB"
19-Feb-2019 - 00:00,,,,,,,,,,,,,,,,,,,,,,20-Feb-2019 - 00:00,"Ballygunge, Kolkata - WBPCB"
20-Feb-2019 - 00:00,,,,,,,,,,,,,,,,,,,,,,21-Feb-2019 - 00:00,"Ballygunge, Kolkata - WBPCB"
21-Feb-2019 - 00:00,,,,,,,,,,,,,,,,,,,,,,22-Feb-2019 - 00:00,"Ballygunge, Kolkata - WBPCB"
22-Feb-2019 - 00:00,,,,,,,,,,,,,,,,,,,,,,23-Feb-2019 - 00:00,"Ballygunge, Kolkata - WBPCB"
23-Feb-2019 - 00:00,,,,,,,,,,,,,,,,,,,,,,24-Feb-2019 - 00:00,"Ballygunge, Kolkata - WBPCB"
24-Feb-2019 - 00:00,,,,,,,,,,,,,,,,,,,,,,25-Feb-2019 - 00:00,"Ballygunge, Kolkata - WBPCB"
25-Feb-2019 - 00:00,,,,,,,,,,,,,,,,,,,,,,26-Feb-2019 - 00:00,"Ballygunge, Kolkata - WBPCB"
26-Feb-2019 - 00:00,,,,,,,,,,,,,,,,,,,,,,27-Feb-2019 - 00:00,"Ballygunge, Kolkata - WBPCB"
27-Feb-2019 - 00:00,,,,,,,,,,,,,,,,,,,,,,28-Feb-2019 - 00:00,"Ballygunge, Kolkata - WBPCB"
28-Feb-2019 - 00:00,,,,,,,,,,,,,,,,,,,,,,01-Mar-2019 - 00:00,"Ballygunge, Kolkata - WBPCB"
01-Mar-2019 - 00:00,,,,,,,,,,,,,,,,,,,,,,02-Mar-2019 - 00:00,"Ballygunge, Kolkata - WBPCB"
02-Mar-2019 - 00:00,,,,,,,,,,,,,,,,,,,,,,03-Mar-2019 - 00:00,"Ballygunge, Kolkata - WBPCB"
03-Mar-2019 - 00:00,,,,,,,,,,,,,,,,,,,,,,04-Mar-2019 - 00:00,"Ballygunge, Kolkata - WBPCB"
04-Mar-2019 - 00:00,,,,,,,,,,,,,,,,,,,,,,05-Mar-2019 - 00:00,"Ballygunge, Kolkata - WBPCB"
05-Mar-2019 - 00:00,,,,,,,,,,,,,,,,,,,,,,06-Mar-2019 - 00:00,"Ballygunge, Kolkata - WBPCB"
06-Mar-2019 - 00:00,,,,,,,,,,,,,,,,,,,,,,07-Mar-2019 - 00:00,"Ballygunge, Kolkata - WBPCB"
07-Mar-2019 - 00:00,,,,,,,,,,,,,,,,,,,,,,08-Mar-2019 - 00:00,"Ballygunge, Kolkata - WBPCB"
08-Mar-2019 - 00:00,,,,,,,,,,,,,,,,,,,,,,09-Mar-2019 - 00:00,"Ballygunge, Kolkata - WBPCB"
09-Mar-2019 - 00:00,,,,,,,,,,,,,,,,,,,,,,10-Mar-2019 - 00:00,"Ballygunge, Kolkata - WBPCB"
10-Mar-2019 - 00:00,,,,,,,,,,,,,,,,,,,,,,11-Mar-2019 - 00:00,"Ballygunge, Kolkata - WBPCB"
11-Mar-2019 - 00:00,,,,,,,,,,,,,,,,,,,,,,12-Mar-2019 - 00:00,"Ballygunge, Kolkata - WBPCB"
12-Mar-2019 - 00:00,,,,,,,,,,,,,,,,,,,,,,13-Mar-2019 - 00:00,"Ballygunge, Kolkata - WBPCB"
13-Mar-2019 - 00:00,,,,,,,,,,,,,,,,,,,,,,14-Mar-2019 - 00:00,"Ballygunge, Kolkata - WBPCB"
14-Mar-2019 - 00:00,,,,,,,,,,,,,,,,,,,,,,15-Mar-2019 - 00:00,"Ballygunge, Kolkata - WBPCB"
15-Mar-2019 - 00:00,,,,,,,,,,,,,,,,,,,,,,16-Mar-2019 - 00:00,"Ballygunge, Kolkata - WBPCB"
16-Mar-2019 - 00:00,,,,,,,,,,,,,,,,,,,,,,17-Mar-2019 - 00:00,"Ballygunge, Kolkata - WBPCB"
17-Mar-2019 - 00:00,,,,,,,,,,,,,,,,,,,,,,18-Mar-2019 - 00:00,"Ballygunge, Kolkata - WBPCB"
18-Mar-2019 - 00:00,,,,,,,,,,,,,,,,,,,,,,19-Mar-2019 - 00:00,"Ballygunge, Kolkata - WBPCB"
19-Mar-2019 - 00:00,,,,,,,,,,,,,,,,,,,,,,20-Mar-2019 - 00:00,"Ballygunge, Kolkata - WBPCB"
20-Mar-2019 - 00:00,,,,,,,,,,,,,,,,,,,,,,21-Mar-2019 - 00:00,"Ballygunge, Kolkata - WBPCB"
21-Mar-2019 - 00:00,,,,,,,,,,,,,,,,,,,,,,22-Mar-2019 - 00:00,"Ballygunge, Kolkata - WBPCB"
22-Mar-2019 - 00:00,,,,,,,,,,,,,,,,,,,,,,23-Mar-2019 - 00:00,"Ballygunge, Kolkata - WBPCB"
23-Mar-2019 - 00:00,,,,,,,,,,,,,,,,,,,,,,24-Mar-2019 - 00:00,"Ballygunge, Kolkata - WBPCB"
24-Mar-2019 - 00:00,,,,,,,,,,,,,,,,,,,,,,25-Mar-2019 - 00:00,"Ballygunge, Kolkata - WBPCB"
25-Mar-2019 - 00:00,,,,,,,,,,,,,,,,,,,,,,26-Mar-2019 - 00:00,"Ballygunge, Kolkata - WBPCB"
26-Mar-2019 - 00:00,,,,,,,,,,,,,,,,,,,,,,27-Mar-2019 - 00:00,"Ballygunge, Kolkata - WBPCB"
27-Mar-2019 - 00:00,,,,,,,,,,,,,,,,,,,,,,28-Mar-2019 - 00:00,"Ballygunge, Kolkata - WBPCB"
28-Mar-2019 - 00:00,,,,,,,,,,,,,,,,,,,,,,29-Mar-2019 - 00:00,"Ballygunge, Kolkata - WBPCB"
29-Mar-2019 - 00:00,,,,,,,,,,,,,,,,,,,,,,30-Mar-2019 - 00:00,"Ballygunge, Kolkata - WBPCB"
30-Mar-2019 - 00:00,,,,,,,,,,,,,,,,,,,,,,31-Mar-2019 - 00:00,"Ballygunge, Kolkata - WBPCB"
31-Mar-2019 - 00:00,,,,,,,,,,,,,,,,,,,,,,01-Apr-2019 - 00:00,"Ballygunge, Kolkata - WBPCB"
01-Apr-2019 - 00:00,,,,,,,,,,,,,,,,,,,,,,02-Apr-2019 - 00:00,"Ballygunge, Kolkata - WBPCB"
02-Apr-2019 - 00:00,,,,,,,,,,,,,,,,,,,,,,03-Apr-2019 - 00:00,"Ballygunge, Kolkata - WBPCB"
03-Apr-2019 - 00:00,,,,,,,,,,,,,,,,,,,,,,04-Apr-2019 - 00:00,"Ballygunge, Kolkata - WBPCB"
04-Apr-2019 - 00:00,,,,,,,,,,,,,,,,,,,,,,05-Apr-2019 - 00:00,"Ballygunge, Kolkata - WBPCB"
05-Apr-2019 - 00:00,,,,,,,,,,,,,,,,,,,,,,06-Apr-2019 - 00:00,"Ballygunge, Kolkata - WBPCB"
06-Apr-2019 - 00:00,,,,,,,,,,,,,,,,,,,,,,07-Apr-2019 - 00:00,"Ballygunge, Kolkata - WBPCB"
07-Apr-2019 - 00:00,,,,,,,,,,,,,,,,,,,,,,08-Apr-2019 - 00:00,"Ballygunge, Kolkata - WBPCB"
08-Apr-2019 - 00:00,,,,,,,,,,,,,,,,,,,,,,09-Apr-2019 - 00:00,"Ballygunge, Kolkata - WBPCB"
09-Apr-2019 - 00:00,,,,,,,,,,,,,,,,,,,,,,10-Apr-2019 - 00:00,"Ballygunge, Kolkata - WBPCB"
10-Apr-2019 - 00:00,,,,,,,,,,,,,,,,,,,,,,11-Apr-2019 - 00:00,"Ballygunge, Kolkata - WBPCB"
11-Apr-2019 - 00:00,,,,,,,,,,,,,,,,,,,,,,12-Apr-2019 - 00:00,"Ballygunge, Kolkata - WBPCB"
12-Apr-2019 - 00:00,,,,,,,,,,,,,,,,,,,,,,13-Apr-2019 - 00:00,"Ballygunge, Kolkata - WBPCB"
13-Apr-2019 - 00:00,,,,,,,,,,,,,,,,,,,,,,14-Apr-2019 - 00:00,"Ballygunge, Kolkata - WBPCB"
14-Apr-2019 - 00:00,,,,,,,,,,,,,,,,,,,,,,15-Apr-2019 - 00:00,"Ballygunge, Kolkata - WBPCB"
15-Apr-2019 - 00:00,,,,,,,,,,,,,,,,,,,,,,16-Apr-2019 - 00:00,"Ballygunge, Kolkata - WBPCB"
16-Apr-2019 - 00:00,,,,,,,,,,,,,,,,,,,,,,17-Apr-2019 - 00:00,"Ballygunge, Kolkata - WBPCB"
17-Apr-2019 - 00:00,,,,,,,,,,,,,,,,,,,,,,18-Apr-2019 - 00:00,"Ballygunge, Kolkata - WBPCB"
18-Apr-2019 - 00:00,,,,,,,,,,,,,,,,,,,,,,19-Apr-2019 - 00:00,"Ballygunge, Kolkata - WBPCB"
19-Apr-2019 - 00:00,,,,,,,,,,,,,,,,,,,,,,20-Apr-2019 - 00:00,"Ballygunge, Kolkata - WBPCB"
20-Apr-2019 - 00:00,,,,,,,,,,,,,,,,,,,,,,21-Apr-2019 - 00:00,"Ballygunge, Kolkata - WBPCB"
21-Apr-2019 - 00:00,,,,,,,,,,,,,,,,,,,,,,22-Apr-2019 - 00:00,"Ballygunge, Kolkata - WBPCB"
22-Apr-2019 - 00:00,,,,,,,,,,,,,,,,,,,,,,23-Apr-2019 - 00:00,"Ballygunge, Kolkata - WBPCB"
23-Apr-2019 - 00:00,,,,,,,,,,,,,,,,,,,,,,24-Apr-2019 - 00:00,"Ballygunge, Kolkata - WBPCB"
24-Apr-2019 - 00:00,,,,,,,,,,,,,,,,,,,,,,25-Apr-2019 - 00:00,"Ballygunge, Kolkata - WBPCB"
25-Apr-2019 - 00:00,,,,,,,,,,,,,,,,,,,,,,26-Apr-2019 - 00:00,"Ballygunge, Kolkata - WBPCB"
26-Apr-2019 - 00:00,,,,,,,,,,,,,,,,,,,,,,27-Apr-2019 - 00:00,"Ballygunge, Kolkata - WBPCB"
27-Apr-2019 - 00:00,,,,,,,,,,,,,,,,,,,,,,28-Apr-2019 - 00:00,"Ballygunge, Kolkata - WBPCB"
28-Apr-2019 - 00:00,,,,,,,,,,,,,,,,,,,,,,29-Apr-2019 - 00:00,"Ballygunge, Kolkata - WBPCB"
29-Apr-2019 - 00:00,,,,,,,,,,,,,,,,,,,,,,30-Apr-2019 - 00:00,"Ballygunge, Kolkata - WBPCB"
30-Apr-2019 - 00:00,,,,,,,,,,,,,,,,,,,,,,01-May-2019 - 00:00,"Ballygunge, Kolkata - WBPCB"
01-May-2019 - 00:00,,,,,,,,,,,,,,,,,,,,,,02-May-2019 - 00:00,"Ballygunge, Kolkata - WBPCB"
02-May-2019 - 00:00,,,,,,,,,,,,,,,,,,,,,,03-May-2019 - 00:00,"Ballygunge, Kolkata - WBPCB"
03-May-2019 - 00:00,,,,,,,,,,,,,,,,,,,,,,04-May-2019 - 00:00,"Ballygunge, Kolkata - WBPCB"
04-May-2019 - 00:00,,,,,,,,,,,,,,,,,,,,,,05-May-2019 - 00:00,"Ballygunge, Kolkata - WBPCB"
05-May-2019 - 00:00,,,,,,,,,,,,,,,,,,,,,,06-May-2019 - 00:00,"Ballygunge, Kolkata - WBPCB"
06-May-2019 - 00:00,,,,,,,,,,,,,,,,,,,,,,07-May-2019 - 00:00,"Ballygunge, Kolkata - WBPCB"
07-May-2019 - 00:00,,,,,,,,,,,,,,,,,,,,,,08-May-2019 - 00:00,"Ballygunge, Kolkata - WBPCB"
08-May-2019 - 00:00,,,,,,,,,,,,,,,,,,,,,,09-May-2019 - 00:00,"Ballygunge, Kolkata - WBPCB"
09-May-2019 - 00:00,,,,,,,,,,,,,,,,,,,,,,10-May-2019 - 00:00,"Ballygunge, Kolkata - WBPCB"
10-May-2019 - 00:00,,,,,,,,,,,,,,,,,,,,,,11-May-2019 - 00:00,"Ballygunge, Kolkata - WBPCB"
11-May-2019 - 00:00,,,,,,,,,,,,,,,,,,,,,,12-May-2019 - 00:00,"Ballygunge, Kolkata - WBPCB"
12-May-2019 - 00:00,,,,,,,,,,,,,,,,,,,,,,13-May-2019 - 00:00,"Ballygunge, Kolkata - WBPCB"
13-May-2019 - 00:00,,,,,,,,,,,,,,,,,,,,,,14-May-2019 - 00:00,"Ballygunge, Kolkata - WBPCB"
14-May-2019 - 00:00,,,,,,,,,,,,,,,,,,,,,,15-May-2019 - 00:00,"Ballygunge, Kolkata - WBPCB"
15-May-2019 - 00:00,,,,,,,,,,,,,,,,,,,,,,16-May-2019 - 00:00,"Ballygunge, Kolkata - WBPCB"
16-May-2019 - 00:00,,,,,,,,,,,,,,,,,,,,,,17-May-2019 - 00:00,"Ballygunge, Kolkata - WBPCB"
17-May-2019 - 00:00,,,,,,,,,,,,,,,,,,,,,,18-May-2019 - 00:00,"Ballygunge, Kolkata - WBPCB"
18-May-2019 - 00:00,,,,,,,,,,,,,,,,,,,,,,19-May-2019 - 00:00,"Ballygunge, Kolkata - WBPCB"
19-May-2019 - 00:00,,,,,,,,,,,,,,,,,,,,,,20-May-2019 - 00:00,"Ballygunge, Kolkata - WBPCB"
20-May-2019 - 00:00,,,,,,,,,,,,,,,,,,,,,,21-May-2019 - 00:00,"Ballygunge, Kolkata - WBPCB"
21-May-2019 - 00:00,,,,,,,,,,,,,,,,,,,,,,22-May-2019 - 00:00,"Ballygunge, Kolkata - WBPCB"
22-May-2019 - 00:00,,,,,,,,,,,,,,,,,,,,,,23-May-2019 - 00:00,"Ballygunge, Kolkata - WBPCB"
23-May-2019 - 00:00,,,,,,,,,,,,,,,,,,,,,,24-May-2019 - 00:00,"Ballygunge, Kolkata - WBPCB"
24-May-2019 - 00:00,,,,,,,,,,,,,,,,,,,,,,25-May-2019 - 00:00,"Ballygunge, Kolkata - WBPCB"
25-May-2019 - 00:00,,,,,,,,,,,,,,,,,,,,,,26-May-2019 - 00:00,"Ballygunge, Kolkata - WBPCB"
26-May-2019 - 00:00,,,,,,,,,,,,,,,,,,,,,,27-May-2019 - 00:00,"Ballygunge, Kolkata - WBPCB"
27-May-2019 - 00:00,,,,,,,,,,,,,,,,,,,,,,28-May-2019 - 00:00,"Ballygunge, Kolkata - WBPCB"
28-May-2019 - 00:00,,,,,,,,,,,,,,,,,,,,,,29-May-2019 - 00:00,"Ballygunge, Kolkata - WBPCB"
29-May-2019 - 00:00,,,,,,,,,,,,,,,,,,,,,,30-May-2019 - 00:00,"Ballygunge, Kolkata - WBPCB"
30-May-2019 - 00:00,,,,,,,,,,,,,,,,,,,,,,31-May-2019 - 00:00,"Ballygunge, Kolkata - WBPCB"
31-May-2019 - 00:00,,,,,,,,,,,,,,,,,,,,,,01-Jun-2019 - 00:00,"Ballygunge, Kolkata - WBPCB"
01-Jun-2019 - 00:00,,,,,,,,,,,,,,,,,,,,,,02-Jun-2019 - 00:00,"Ballygunge, Kolkata - WBPCB"
02-Jun-2019 - 00:00,,,,,,,,,,,,,,,,,,,,,,03-Jun-2019 - 00:00,"Ballygunge, Kolkata - WBPCB"
03-Jun-2019 - 00:00,,,,,,,,,,,,,,,,,,,,,,04-Jun-2019 - 00:00,"Ballygunge, Kolkata - WBPCB"
04-Jun-2019 - 00:00,,,,,,,,,,,,,,,,,,,,,,05-Jun-2019 - 00:00,"Ballygunge, Kolkata - WBPCB"
05-Jun-2019 - 00:00,,,,,,,,,,,,,,,,,,,,,,06-Jun-2019 - 00:00,"Ballygunge, Kolkata - WBPCB"
06-Jun-2019 - 00:00,,,,,,,,,,,,,,,,,,,,,,07-Jun-2019 - 00:00,"Ballygunge, Kolkata - WBPCB"
07-Jun-2019 - 00:00,,,,,,,,,,,,,,,,,,,,,,08-Jun-2019 - 00:00,"Ballygunge, Kolkata - WBPCB"
08-Jun-2019 - 00:00,,,,,,,,,,,,,,,,,,,,,,09-Jun-2019 - 00:00,"Ballygunge, Kolkata - WBPCB"
09-Jun-2019 - 00:00,,,,,,,,,,,,,,,,,,,,,,10-Jun-2019 - 00:00,"Ballygunge, Kolkata - WBPCB"
10-Jun-2019 - 00:00,,,,,,,,,,,,,,,,,,,,,,11-Jun-2019 - 00:00,"Ballygunge, Kolkata - WBPCB"
11-Jun-2019 - 00:00,,,,,,,,,,,,,,,,,,,,,,12-Jun-2019 - 00:00,"Ballygunge, Kolkata - WBPCB"
12-Jun-2019 - 00:00,,,,,,,,,,,,,,,,,,,,,,13-Jun-2019 - 00:00,"Ballygunge, Kolkata - WBPCB"
13-Jun-2019 - 00:00,,,,,,,,,,,,,,,,,,,,,,14-Jun-2019 - 00:00,"Ballygunge, Kolkata - WBPCB"
14-Jun-2019 - 00:00,,,,,,,,,,,,,,,,,,,,,,15-Jun-2019 - 00:00,"Ballygunge, Kolkata - WBPCB"
15-Jun-2019 - 00:00,,,,,,,,,,,,,,,,,,,,,,16-Jun-2019 - 00:00,"Ballygunge, Kolkata - WBPCB"
16-Jun-2019 - 00:00,,,,,,,,,,,,,,,,,,,,,,17-Jun-2019 - 00:00,"Ballygunge, Kolkata - WBPCB"
17-Jun-2019 - 00:00,,,,,,,,,,,,,,,,,,,,,,18-Jun-2019 - 00:00,"Ballygunge, Kolkata - WBPCB"
18-Jun-2019 - 00:00,,,,,,,,,,,,,,,,,,,,,,19-Jun-2019 - 00:00,"Ballygunge, Kolkata - WBPCB"
19-Jun-2019 - 00:00,,,,,,,,,,,,,,,,,,,,,,20-Jun-2019 - 00:00,"Ballygunge, Kolkata - WBPCB"
20-Jun-2019 - 00:00,,,,,,,,,,,,,,,,,,,,,,21-Jun-2019 - 00:00,"Ballygunge, Kolkata - WBPCB"
21-Jun-2019 - 00:00,,,,,,,,,,,,,,,,,,,,,,22-Jun-2019 - 00:00,"Ballygunge, Kolkata - WBPCB"
22-Jun-2019 - 00:00,,,,,,,,,,,,,,,,,,,,,,23-Jun-2019 - 00:00,"Ballygunge, Kolkata - WBPCB"
23-Jun-2019 - 00:00,,,,,,,,,,,,,,,,,,,,,,24-Jun-2019 - 00:00,"Ballygunge, Kolkata - WBPCB"
24-Jun-2019 - 00:00,,,,,,,,,,,,,,,,,,,,,,25-Jun-2019 - 00:00,"Ballygunge, Kolkata - WBPCB"
25-Jun-2019 - 00:00,,,,,,,,,,,,,,,,,,,,,,26-Jun-2019 - 00:00,"Ballygunge, Kolkata - WBPCB"
26-Jun-2019 - 00:00,,,,,,,,,,,,,,,,,,,,,,27-Jun-2019 - 00:00,"Ballygunge, Kolkata - WBPCB"
27-Jun-2019 - 00:00,,,,,,,,,,,,,,,,,,,,,,28-Jun-2019 - 00:00,"Ballygunge, Kolkata - WBPCB"
28-Jun-2019 - 00:00,,,,,,,,,,,,,,,,,,,,,,29-Jun-2019 - 00:00,"Ballygunge, Kolkata - WBPCB"
29-Jun-2019 - 00:00,,,,,,,,,,,,,,,,,,,,,,30-Jun-2019 - 00:00,"Ballygunge, Kolkata - WBPCB"
30-Jun-2019 - 00:00,,,,,,,,,,,,,,,,,,,,,,01-Jul-2019 - 00:00,"Ballygunge, Kolkata - WBPCB"
01-Jul-2019 - 00:00,,,,,,,,,,,,,,,,,,,,,,02-Jul-2019 - 00:00,"Ballygunge, Kolkata - WBPCB"
02-Jul-2019 - 00:00,,,,,,,,,,,,,,,,,,,,,,03-Jul-2019 - 00:00,"Ballygunge, Kolkata - WBPCB"
03-Jul-2019 - 00:00,,,,,,,,,,,,,,,,,,,,,,04-Jul-2019 - 00:00,"Ballygunge, Kolkata - WBPCB"
04-Jul-2019 - 00:00,,,,,,,,,,,,,,,,,,,,,,05-Jul-2019 - 00:00,"Ballygunge, Kolkata - WBPCB"
05-Jul-2019 - 00:00,,,,,,,,,,,,,,,,,,,,,,06-Jul-2019 - 00:00,"Ballygunge, Kolkata - WBPCB"
06-Jul-2019 - 00:00,,,,,,,,,,,,,,,,,,,,,,07-Jul-2019 - 00:00,"Ballygunge, Kolkata - WBPCB"
07-Jul-2019 - 00:00,,,,,,,,,,,,,,,,,,,,,,08-Jul-2019 - 00:00,"Ballygunge, Kolkata - WBPCB"
08-Jul-2019 - 00:00,,,,,,,,,,,,,,,,,,,,,,09-Jul-2019 - 00:00,"Ballygunge, Kolkata - WBPCB"
09-Jul-2019 - 00:00,,,,,,,,,,,,,,,,,,,,,,10-Jul-2019 - 00:00,"Ballygunge, Kolkata - WBPCB"
10-Jul-2019 - 00:00,,,,,,,,,,,,,,,,,,,,,,11-Jul-2019 - 00:00,"Ballygunge, Kolkata - WBPCB"
11-Jul-2019 - 00:00,,,,,,,,,,,,,,,,,,,,,,12-Jul-2019 - 00:00,"Ballygunge, Kolkata - WBPCB"
12-Jul-2019 - 00:00,,,,,,,,,,,,,,,,,,,,,,13-Jul-2019 - 00:00,"Ballygunge, Kolkata - WBPCB"
13-Jul-2019 - 00:00,,,,,,,,,,,,,,,,,,,,,,14-Jul-2019 - 00:00,"Ballygunge, Kolkata - WBPCB"
14-Jul-2019 - 00:00,,,,,,,,,,,,,,,,,,,,,,15-Jul-2019 - 00:00,"Ballygunge, Kolkata - WBPCB"
15-Jul-2019 - 00:00,,,,,,,,,,,,,,,,,,,,,,16-Jul-2019 - 00:00,"Ballygunge, Kolkata - WBPCB"
16-Jul-2019 - 00:00,,,,,,,,,,,,,,,,,,,,,,17-Jul-2019 - 00:00,"Ballygunge, Kolkata - WBPCB"
17-Jul-2019 - 00:00,,,,,,,,,,,,,,,,,,,,,,18-Jul-2019 - 00:00,"Ballygunge, Kolkata - WBPCB"
18-Jul-2019 - 00:00,,,,,,,,,,,,,,,,,,,,,,19-Jul-2019 - 00:00,"Ballygunge, Kolkata - WBPCB"
19-Jul-2019 - 00:00,,,,,,,,,,,,,,,,,,,,,,20-Jul-2019 - 00:00,"Ballygunge, Kolkata - WBPCB"
20-Jul-2019 - 00:00,,,,,,,,,,,,,,,,,,,,,,21-Jul-2019 - 00:00,"Ballygunge, Kolkata - WBPCB"
21-Jul-2019 - 00:00,,,,,,,,,,,,,,,,,,,,,,22-Jul-2019 - 00:00,"Ballygunge, Kolkata - WBPCB"
22-Jul-2019 - 00:00,,,,,,,,,,,,,,,,,,,,,,23-Jul-2019 - 00:00,"Ballygunge, Kolkata - WBPCB"
23-Jul-2019 - 00:00,,,,,,,,,,,,,,,,,,,,,,24-Jul-2019 - 00:00,"Ballygunge, Kolkata - WBPCB"
24-Jul-2019 - 00:00,,,,,,,,,,,,,,,,,,,,,,25-Jul-2019 - 00:00,"Ballygunge, Kolkata - WBPCB"
25-Jul-2019 - 00:00,,,,,,,,,,,,,,,,,,,,,,26-Jul-2019 - 00:00,"Ballygunge, Kolkata - WBPCB"
26-Jul-2019 - 00:00,,,,,,,,,,,,,,,,,,,,,,27-Jul-2019 - 00:00,"Ballygunge, Kolkata - WBPCB"
27-Jul-2019 - 00:00,,,,,,,,,,,,,,,,,,,,,,28-Jul-2019 - 00:00,"Ballygunge, Kolkata - WBPCB"
28-Jul-2019 - 00:00,,,,,,,,,,,,,,,,,,,,,,29-Jul-2019 - 00:00,"Ballygunge, Kolkata - WBPCB"
29-Jul-2019 - 00:00,,,,,,,,,,,,,,,,,,,,,,30-Jul-2019 - 00:00,"Ballygunge, Kolkata - WBPCB"
30-Jul-2019 - 00:00,,,,,,,,,,,,,,,,,,,,,,31-Jul-2019 - 00:00,"Ballygunge, Kolkata - WBPCB"
31-Jul-2019 - 00:00,,,,,,,,,,,,,,,,,,,,,,01-Aug-2019 - 00:00,"Ballygunge, Kolkata - WBPCB"
01-Aug-2019 - 00:00,,,,,,,,,,,,,,,,,,,,,,02-Aug-2019 - 00:00,"Ballygunge, Kolkata - WBPCB"
02-Aug-2019 - 00:00,,,,,,,,,,,,,,,,,,,,,,03-Aug-2019 - 00:00,"Ballygunge, Kolkata - WBPCB"
03-Aug-2019 - 00:00,,,,,,,,,,,,,,,,,,,,,,04-Aug-2019 - 00:00,"Ballygunge, Kolkata - WBPCB"
04-Aug-2019 - 00:00,,,,,,,,,,,,,,,,,,,,,,05-Aug-2019 - 00:00,"Ballygunge, Kolkata - WBPCB"
05-Aug-2019 - 00:00,,,,,,,,,,,,,,,,,,,,,,06-Aug-2019 - 00:00,"Ballygunge, Kolkata - WBPCB"
06-Aug-2019 - 00:00,,,,,,,,,,,,,,,,,,,,,,07-Aug-2019 - 00:00,"Ballygunge, Kolkata - WBPCB"
07-Aug-2019 - 00:00,,,,,,,,,,,,,,,,,,,,,,08-Aug-2019 - 00:00,"Ballygunge, Kolkata - WBPCB"
08-Aug-2019 - 00:00,,,,,,,,,,,,,,,,,,,,,,09-Aug-2019 - 00:00,"Ballygunge, Kolkata - WBPCB"
09-Aug-2019 - 00:00,,,,,,,,,,,,,,,,,,,,,,10-Aug-2019 - 00:00,"Ballygunge, Kolkata - WBPCB"
10-Aug-2019 - 00:00,,,,,,,,,,,,,,,,,,,,,,11-Aug-2019 - 00:00,"Ballygunge, Kolkata - WBPCB"
11-Aug-2019 - 00:00,,,,,,,,,,,,,,,,,,,,,,12-Aug-2019 - 00:00,"Ballygunge, Kolkata - WBPCB"
12-Aug-2019 - 00:00,,,,,,,,,,,,,,,,,,,,,,13-Aug-2019 - 00:00,"Ballygunge, Kolkata - WBPCB"
13-Aug-2019 - 00:00,,,,,,,,,,,,,,,,,,,,,,14-Aug-2019 - 00:00,"Ballygunge, Kolkata - WBPCB"
14-Aug-2019 - 00:00,,,,,,,,,,,,,,,,,,,,,,15-Aug-2019 - 00:00,"Ballygunge, Kolkata - WBPCB"
15-Aug-2019 - 00:00,,,,,,,,,,,,,,,,,,,,,,16-Aug-2019 - 00:00,"Ballygunge, Kolkata - WBPCB"
16-Aug-2019 - 00:00,,,,,,,,,,,,,,,,,,,,,,17-Aug-2019 - 00:00,"Ballygunge, Kolkata - WBPCB"
17-Aug-2019 - 00:00,,,,,,,,,,,,,,,,,,,,,,18-Aug-2019 - 00:00,"Ballygunge, Kolkata - WBPCB"
18-Aug-2019 - 00:00,,,,,,,,,,,,,,,,,,,,,,19-Aug-2019 - 00:00,"Ballygunge, Kolkata - WBPCB"
19-Aug-2019 - 00:00,,,,,,,,,,,,,,,,,,,,,,20-Aug-2019 - 00:00,"Ballygunge, Kolkata - WBPCB"
20-Aug-2019 - 00:00,,,,,,,,,,,,,,,,,,,,,,21-Aug-2019 - 00:00,"Ballygunge, Kolkata - WBPCB"
21-Aug-2019 - 00:00,,,,,,,,,,,,,,,,,,,,,,22-Aug-2019 - 00:00,"Ballygunge, Kolkata - WBPCB"
22-Aug-2019 - 00:00,,,,,,,,,,,,,,,,,,,,,,23-Aug-2019 - 00:00,"Ballygunge, Kolkata - WBPCB"
23-Aug-2019 - 00:00,,,,,,,,,,,,,,,,,,,,,,24-Aug-2019 - 00:00,"Ballygunge, Kolkata - WBPCB"
24-Aug-2019 - 00:00,,,,,,,,,,,,,,,,,,,,,,25-Aug-2019 - 00:00,"Ballygunge, Kolkata - WBPCB"
25-Aug-2019 - 00:00,,,,,,,,,,,,,,,,,,,,,,26-Aug-2019 - 00:00,"Ballygunge, Kolkata - WBPCB"
26-Aug-2019 - 00:00,,,,,,,,,,,,,,,,,,,,,,27-Aug-2019 - 00:00,"Ballygunge, Kolkata - WBPCB"
27-Aug-2019 - 00:00,,,,,,,,,,,,,,,,,,,,,,28-Aug-2019 - 00:00,"Ballygunge, Kolkata - WBPCB"
28-Aug-2019 - 00:00,,,,,,,,,,,,,,,,,,,,,,29-Aug-2019 - 00:00,"Ballygunge, Kolkata - WBPCB"
29-Aug-2019 - 00:00,,,,,,,,,,,,,,,,,,,,,,30-Aug-2019 - 00:00,"Ballygunge, Kolkata - WBPCB"
30-Aug-2019 - 00:00,15.33,26.51,23.17,2.4,25.51,12.38,1.83,0.37,24.46,19.44,34.18,1.55,3.06,1.83,30.5,76.03,0.52,145.35,0.02,997.15,200.36,31-Aug-2019 - 00:00,"Ballygunge, Kolkata - WBPCB"
31-Aug-2019 - 00:00,14.77,29.29,19.09,2.44,21.53,14.99,2.6,0.33,24.88,20.99,31.22,1.34,2.78,1.85,29.7,79.95,0.47,151.41,0.02,997.32,136.99,01-Sep-2019 - 00:00,"Ballygunge, Kolkata - WBPCB"
01-Sep-2019 - 00:00,22.06,42.89,25.08,2.44,27.52,10.58,2.23,0.48,,16.45,29.41,1.53,3.34,1.74,28.8,86.9,0.35,236.38,0.04,997.79,78.09,02-Sep-2019 - 00:00,"Ballygunge, Kolkata - WBPCB"
02-Sep-2019 - 00:00,10.32,23.0,23.79,4.21,28.0,28.38,1.91,0.42,19.01,36.02,35.72,2.51,5.15,3.4,28.75,83.84,0.61,161.0,0.02,996.74,174.63,03-Sep-2019 - 00:00,"Ballygunge, Kolkata - WBPCB"
03-Sep-2019 - 00:00,8.43,15.31,22.7,7.99,20.8,35.45,2.89,0.39,22.0,26.32,46.69,1.7,3.86,2.45,,87.16,0.76,137.73,0.03,997.2,329.56,04-Sep-2019 - 00:00,"Ballygunge, Kolkata - WBPCB"
04-Sep-2019 - 00:00,7.14,17.52,11.47,1.28,23.34,30.61,2.17,0.28,13.74,33.83,39.0,1.15,2.56,2.0,,98.72,0.46,153.68,0.05,995.9,37.65,05-Sep-2019 - 00:00,"Ballygunge, Kolkata - WBPCB"
05-Sep-2019 - 00:00,8.57,20.07,18.04,2.38,20.02,16.71,2.34,0.35,23.61,34.6,47.33,2.07,4.23,2.9,28.26,89.49,0.9,146.71,-0.0,995.84,106.97,06-Sep-2019 - 00:00,"Ballygunge, Kolkata - WBPCB"
06-Sep-2019 - 00:00,7.63,17.41,20.53,3.46,23.91,31.15,2.4,0.33,23.22,32.61,47.54,1.98,4.19,2.89,28.51,87.68,0.93,148.31,-0.01,994.78,116.59,07-Sep-2019 - 00:00,"Ballygunge, Kolkata - WBPCB"
07-Sep-2019 - 00:00,6.89,19.31,21.6,3.68,24.39,32.56,2.31,0.38,19.84,31.59,47.56,2.27,4.73,2.93,27.37,95.1,0.9,145.15,0.0,995.59,62.22,08-Sep-2019 - 00:00,"Ballygunge, Kolkata - WBPCB"
08-Sep-2019 - 00:00,9.55,19.55,22.8,3.85,25.62,15.04,2.05,0.36,18.86,16.64,31.16,1.36,3.01,1.47,27.48,94.64,0.57,142.38,0.01,997.71,78.29,09-Sep-2019 - 00:00,"Ballygunge, Kolkata - WBPCB"
09-Sep-2019 - 00:00,8.13,24.96,20.11,2.15,20.93,56.11,2.56,0.3,31.74,14.88,24.18,1.0,2.16,1.14,28.84,87.22,0.38,138.03,0.01,997.91,114.41,10-Sep-2019 - 00:00,"Ballygunge, Kolkata - WBPCB"
10-Sep-2019 - 00:00,14.56,31.69,13.95,2.12,16.07,50.29,3.37,0.31,35.13,13.96,29.19,0.87,1.78,1.0,29.44,85.43,0.31,154.04,0.02,998.17,95.8,11-Sep-2019 - 00:00,"Ballygunge, Kolkata - WBPCB"
11-Sep-2019 - 00:00,12.14,26.36,23.38,3.46,26.83,32.37,3.03,0.38,20.86,15.41,29.45,1.15,2.47,1.36,27.77,90.14,0.33,182.62,0.03,998.46,84.69,12-Sep-2019 - 00:00,"Ballygunge, Kolkata - WBPCB"
12-Sep-2019 - 00:00,13.14,24.18,23.79,6.16,29.69,40.36,3.3,0.39,14.75,16.06,27.55,1.09,2.49,1.28,26.35,95.39,0.47,149.8,0.01,999.48,60.69,13-Sep-2019 - 00:00,"Ballygunge, Kolkata - WBPCB"
13-Sep-2019 - 00:00,12.52,28.83,20.06,4.09,24.16,32.67,3.32,0.33,24.27,16.24,43.48,1.46,2.72,1.53,27.87,90.02,0.51,139.23,-0.01,,99.17,14-Sep-2019 - 00:00,"Ballygunge, Kolkata - WBPCB"
14-Sep-2019 - 00:00,15.63,36.55,19.0,3.74,22.74,22.54,3.57,0.31,39.63,15.53,34.29,0.94,2.05,1.16,28.83,85.9,0.43,141.66,0.01,,115.03,15-Sep-2019 - 00:00,"Ballygunge, Kolkata - WBPCB"
15-Sep-2019 - 00:00,19.73,38.32,14.83,4.09,18.92,11.92,5.73,0.27,46.9,13.83,29.08,0.67,1.5,0.78,29.64,80.17,0.3,143.9,0.01,999.9,127.98,16-Sep-2019 - 00:00,"Ballygunge, Kolkata - WBPCB"
16-Sep-2019 - 00:00,16.01,34.01,15.07,4.56,19.63,24.49,4.47,0.33,28.32,14.68,28.6,0.77,1.69,0.87,29.47,81.63,0.44,145.66,0.01,999.15,133.33,17-Sep-2019 - 00:00,"Ballygunge, Kolkata - WBPCB"
17-Sep-2019 - 00:00,16.46,32.19,14.03,4.96,19.12,22.65,3.81,0.35,16.94,13.72,27.37,0.88,1.88,1.0,29.63,78.1,0.64,136.16,0.01,,139.26,18-Sep-2019 - 00:00,"Ballygunge, Kolkata - WBPCB"
18-Sep-2019 - 00:00,12.22,23.44,14.48,4.31,18.79,10.92,4.28,0.36,18.17,22.95,32.88,1.63,3.39,2.27,28.71,84.27,0.71,154.43,0.02,,125.28,19-Sep-2019 - 00:00,"Ballygunge, Kolkata - WBPCB"
19-Sep-2019 - 00:00,8.25,17.75,13.4,4.24,17.63,6.78,3.84,0.29,15.7,16.61,25.91,0.98,2.22,1.24,29.36,80.95,0.45,154.85,0.03,,123.88,20-Sep-2019 - 00:00,"Ballygunge, Kolkata - WBPCB"
20-Sep-2019 - 00:00,13.39,33.02,31.64,9.65,41.3,10.17,4.47,0.53,17.94,32.27,34.01,2.74,6.39,3.87,28.79,84.41,0.25,228.58,0.04,,95.33,21-Sep-2019 - 00:00,"Ballygunge, Kolkata - WBPCB"
21-Sep-2019 - 00:00,20.96,45.06,28.1,9.06,35.05,11.65,5.51,0.51,20.73,28.14,34.84,2.57,6.14,4.04,27.42,86.71,0.3,243.88,0.04,,85.41,22-Sep-2019 - 00:00,"Ballygunge, Kolkata - WBPCB"
22-Sep-2019 - 00:00,16.38,29.84,20.02,4.39,24.41,9.74,4.19,0.44,30.81,19.54,27.46,1.33,3.04,1.62,28.03,83.4,0.42,165.07,0.04,,127.14,23-Sep-2019 - 00:00,"Ballygunge, Kolkata - WBPCB"
23-Sep-2019 - 00:00,10.15,23.97,17.49,4.54,22.03,9.71,4.24,0.4,27.81,27.56,33.71,1.67,4.4,2.67,28.4,84.45,0.85,149.54,0.0,,106.71,24-Sep-2019 - 00:00,"Ballygunge, Kolkata - WBPCB"
24-Sep-2019 - 00:00,10.56,24.2,15.83,5.46,21.29,12.16,3.97,0.29,13.29,21.99,34.09,2.11,3.85,2.7,25.92,93.48,0.92,142.68,-0.01,,83.53,25-Sep-2019 - 00:00,"Ballygunge, Kolkata - WBPCB"
25-Sep-2019 - 00:00,10.19,16.26,18.44,6.15,24.59,9.87,4.0,0.44,10.24,35.09,42.35,2.31,5.27,3.46,24.78,97.75,0.48,165.96,0.03,,55.33,26-Sep-2019 - 00:00,"Ballygunge, Kolkata - WBPCB"
26-Sep-2019 - 00:00,11.37,19.67,23.3,5.56,28.87,9.15,3.91,0.48,18.88,27.53,34.39,1.76,4.14,2.44,25.6,92.34,0.47,163.02,0.03,,98.09,27-Sep-2019 - 00:00,"Ballygunge, Kolkata - WBPCB"
27-Sep-2019 - 00:00,12.82,23.71,25.5,5.18,30.28,24.85,4.16,0.47,17.84,27.72,34.2,1.8,4.23,2.4,25.99,90.8,0.23,172.95,0.04,,88.08,28-Sep-2019 - 00:00,"Ballygunge, Kolkata - WBPCB"
28-Sep-2019 - 00:00,17.13,27.99,22.62,7.08,29.34,27.21,4.43,0.49,12.34,38.02,40.64,2.62,5.16,3.84,25.33,94.86,0.35,169.07,0.04,,74.44,29-Sep-2019 - 00:00,"Ballygunge, Kolkata - WBPCB"
29-Sep-2019 - 00:00,3.45,18.42,21.4,3.07,24.43,16.13,3.49,0.38,19.34,20.0,28.62,1.27,2.83,1.43,25.32,92.46,0.48,145.03,0.03,,89.97,30-Sep-2019 - 00:00,"Ballygunge, Kolkata - WBPCB"
30-Sep-2019 - 00:00,2.89,19.27,20.37,5.24,25.63,18.26,3.8,0.37,17.93,15.8,25.64,1.28,2.64,1.4,26.13,89.99,0.38,157.44,0.02,,103.33,01-Oct-2019 - 00:00,"Ballygunge, Kolkata - WBPCB"
01-Oct-2019 - 00:00,48.6,141.46,35.58,7.19,42.19,22.85,6.77,0.61,43.29,49.33,30.51,3.47,7.12,4.94,29.61,72.57,0.55,284.76,0.04,,132.62,02-Oct-2019 - 00:00,"Ballygunge, Kolkata - WBPCB"
02-Oct-2019 - 00:00,65.34,306.69,33.48,4.16,39.08,13.19,5.25,0.61,43.55,27.07,30.86,3.24,7.09,3.97,29.46,78.0,0.3,225.94,0.04,,68.99,03-Oct-2019 - 00:00,"Ballygunge, Kolkata - WBPCB"
03-Oct-2019 - 00:00,43.48,111.37,35.02,5.74,40.47,37.83,4.53,0.57,26.73,23.64,30.28,2.07,6.49,3.09,28.05,82.72,0.31,160.62,0.03,,102.54,04-Oct-2019 - 00:00,"Ballygunge, Kolkata - WBPCB"
04-Oct-2019 - 00:00,33.78,89.35,20.99,4.18,24.61,35.35,5.85,0.43,45.61,19.63,27.32,1.23,4.05,1.86,28.79,81.73,0.25,165.28,0.03,,110.13,05-Oct-2019 - 00:00,"Ballygunge, Kolkata - WBPCB"
05-Oct-2019 - 00:00,41.86,92.04,31.79,11.43,43.75,20.91,3.79,0.68,41.13,26.85,36.61,2.53,8.06,3.43,28.0,87.24,0.28,171.69,0.03,,128.95,06-Oct-2019 - 00:00,"Ballygunge, Kolkata - WBPCB"
06-Oct-2019 - 00:00,50.41,117.88,27.13,4.9,30.91,13.65,3.83,0.52,30.65,24.12,37.67,2.02,7.44,4.36,28.08,84.92,0.24,180.42,0.04,,86.7,07-Oct-2019 - 00:00,"Ballygunge, Kolkata - WBPCB"
07-Oct-2019 - 00:00,41.95,137.46,26.73,6.62,33.36,10.44,4.54,0.56,34.3,22.88,35.35,1.88,5.98,2.93,26.57,88.09,0.34,200.35,0.04,,78.48,08-Oct-2019 - 00:00,"Ballygunge, Kolkata - WBPCB"
08-Oct-2019 - 00:00,27.27,111.11,23.68,9.19,32.25,10.04,3.93,0.52,26.88,30.19,38.69,2.1,7.0,3.19,27.28,82.4,0.55,161.53,0.02,,121.81,09-Oct-2019 - 00:00,"Ballygunge, Kolkata - WBPCB"
09-Oct-2019 - 00:00,12.3,82.02,14.94,6.37,21.24,10.44,4.17,0.33,19.98,23.58,35.06,1.2,4.14,2.15,25.27,94.8,0.37,183.65,0.02,,89.89,10-Oct-2019 - 00:00,"Ballygunge, Kolkata - WBPCB"
10-Oct-2019 - 00:00,25.63,163.41,24.94,18.99,45.36,8.42,4.79,0.78,20.09,60.77,55.23,3.48,12.45,7.33,26.45,86.72,0.29,279.92,0.05,,100.62,11-Oct-2019 - 00:00,"Ballygunge, Kolkata - WBPCB"
11-Oct-2019 - 00:00,52.37,84.69,29.28,29.23,49.41,9.46,6.23,1.0,27.56,62.89,71.52,5.59,18.41,11.05,27.3,83.59,0.3,242.67,0.03,,95.75,12-Oct-2019 - 00:00,"Ballygunge, Kolkata - WBPCB"
12-Oct-2019 - 00:00,54.6,76.64,31.02,17.78,46.37,8.97,4.32,1.0,47.01,56.03,62.2,5.09,16.62,9.22,27.94,78.26,0.23,210.85,0.03,,105.0,13-Oct-2019 - 00:00,"Ballygunge, Kolkata - WBPCB"
13-Oct-2019 - 00:00,79.72,105.48,41.98,7.32,49.36,8.4,7.42,0.82,49.22,34.03,36.64,3.57,9.38,5.49,28.0,78.2,0.28,264.07,0.03,,65.83,14-Oct-2019 - 00:00,"Ballygunge, Kolkata - WBPCB"
14-Oct-2019 - 00:00,84.66,104.84,43.21,6.83,50.11,10.27,7.71,0.67,63.15,22.78,21.3,2.83,9.58,5.62,28.14,66.36,0.38,288.54,0.04,,103.03,15-Oct-2019 - 00:00,"Ballygunge, Kolkata - WBPCB"
15-Oct-2019 - 00:00,85.24,112.81,38.28,6.53,44.84,12.29,6.59,0.64,65.31,7.87,2.94,2.65,9.73,6.1,28.38,65.32,0.35,255.13,0.03,,111.29,16-Oct-2019 - 00:00,"Ballygunge, Kolkata - WBPCB"
16-Oct-2019 - 00:00,74.3,87.43,37.37,7.38,44.79,12.46,4.79,0.66,34.56,8.33,3.42,2.93,9.89,5.23,26.81,82.1,0.19,213.12,0.04,,81.0,17-Oct-2019 - 00:00,"Ballygunge, Kolkata - WBPCB"
17-Oct-2019 - 00:00,58.83,67.76,44.68,13.48,58.21,11.35,5.64,0.78,21.65,7.71,2.89,5.87,16.85,11.81,26.27,90.36,0.2,242.92,0.04,,71.6,18-Oct-2019 - 00:00,"Ballygunge, Kolkata - WBPCB"
18-Oct-2019 - 00:00,67.95,85.17,52.39,29.34,78.76,12.91,6.16,0.99,51.68,14.35,5.13,9.14,24.98,17.4,28.02,80.53,0.26,186.82,0.04,,101.63,19-Oct-2019 - 00:00,"Ballygunge, Kolkata - WBPCB"
19-Oct-2019 - 00:00,79.67,127.49,45.77,19.92,60.92,14.45,5.03,0.79,46.81,8.46,3.64,4.57,14.02,7.22,28.79,77.3,0.26,207.59,0.03,,89.13,20-Oct-2019 - 00:00,"Ballygunge, Kolkata - WBPCB"
20-Oct-2019 - 00:00,93.09,124.27,47.12,10.55,57.58,12.84,5.81,0.84,42.88,7.23,3.32,2.98,10.1,4.94,28.74,73.98,0.23,233.55,0.03,,90.07,21-Oct-2019 - 00:00,"Ballygunge, Kolkata - WBPCB"
21-Oct-2019 - 00:00,113.22,150.45,45.55,7.08,52.7,13.32,9.02,0.71,47.2,7.97,3.09,3.56,12.96,9.51,28.39,77.28,0.46,307.88,0.05,,92.26,22-Oct-2019 - 00:00,"Ballygunge, Kolkata - WBPCB"
22-Oct-2019 - 00:00,95.49,142.71,54.02,12.04,66.14,12.77,8.72,0.81,43.76,8.82,3.2,4.26,15.52,10.46,28.26,76.05,0.33,271.42,0.04,,87.93,23-Oct-2019 - 00:00,"Ballygunge, Kolkata - WBPCB"
23-Oct-2019 - 00:00,86.26,142.99,48.43,6.64,55.14,16.23,8.48,0.73,41.0,9.5,1.86,3.81,13.55,8.77,26.85,82.21,0.32,234.73,0.03,,69.96,24-Oct-2019 - 00:00,"Ballygunge, Kolkata - WBPCB"
24-Oct-2019 - 00:00,34.93,87.03,31.9,6.71,38.64,21.21,3.72,0.41,35.62,4.97,0.52,1.66,5.95,3.19,22.9,96.1,0.35,214.08,-0.02,,50.43,25-Oct-2019 - 00:00,"Ballygunge, Kolkata - WBPCB"
25-Oct-2019 - 00:00,20.96,65.63,24.1,8.61,32.75,20.61,4.55,0.4,26.48,3.31,0.46,1.61,5.44,3.09,22.41,98.06,0.8,179.95,-0.01,,53.7,26-Oct-2019 - 00:00,"Ballygunge, Kolkata - WBPCB"
26-Oct-2019 - 00:00,55.06,84.46,32.76,10.47,43.27,16.69,7.13,0.64,18.24,5.22,1.1,3.54,13.37,9.7,23.37,91.91,0.43,305.31,0.05,,73.36,27-Oct-2019 - 00:00,"Ballygunge, Kolkata - WBPCB"
27-Oct-2019 - 00:00,97.58,112.62,36.32,16.09,52.47,18.8,12.13,0.73,30.2,5.53,2.42,4.17,16.59,8.77,25.16,81.71,0.34,296.31,0.05,,97.1,28-Oct-2019 - 00:00,"Ballygunge, Kolkata - WBPCB"
28-Oct-2019 - 00:00,75.47,123.76,39.5,10.88,50.43,28.09,11.14,0.63,43.51,5.43,2.18,3.07,11.42,6.87,25.36,75.32,0.43,295.5,0.05,759.0,101.24,29-Oct-2019 - 00:00,"Ballygunge, Kolkata - WBPCB"
29-Oct-2019 - 00:00,105.48,150.3,45.32,10.73,56.1,32.72,7.44,0.62,42.37,6.64,2.69,3.44,12.07,6.74,25.29,74.12,0.42,281.39,0.04,891.6,114.07,30-Oct-2019 - 00:00,"Ballygunge, Kolkata - WBPCB"
30-Oct-2019 - 00:00,98.43,157.42,47.55,15.68,63.28,32.94,5.61,0.76,43.56,7.52,3.09,3.81,12.95,8.17,25.62,75.96,0.39,274.76,0.04,,109.06,31-Oct-2019 - 00:00,"Ballygunge, Kolkata - WBPCB"
31-Oct-2019 - 00:00,56.63,141.42,61.48,20.89,81.95,38.51,9.38,1.02,41.87,10.25,3.41,4.29,15.29,9.96,25.54,75.01,0.35,267.07,0.04,,99.11,01-Nov-2019 - 00:00,"Ballygunge, Kolkata - WBPCB"
01-Nov-2019 - 00:00,59.02,174.28,60.04,20.03,78.51,35.42,8.41,1.07,47.16,10.01,3.05,4.92,18.14,12.08,25.9,75.36,0.37,261.63,0.04,,92.67,02-Nov-2019 - 00:00,"Ballygunge, Kolkata - WBPCB"
02-Nov-2019 - 00:00,72.46,143.14,55.41,9.87,65.37,42.36,9.43,0.85,46.66,7.77,2.93,3.65,11.71,7.23,26.58,70.67,0.54,315.22,0.05,733.5,92.06,03-Nov-2019 - 00:00,"Ballygunge, Kolkata - WBPCB"
03-Nov-2019 - 00:00,72.95,123.95,48.41,10.85,59.32,42.93,6.41,0.69,41.95,6.65,2.96,3.51,13.3,7.94,26.65,70.67,0.43,303.96,0.04,,92.34,04-Nov-2019 - 00:00,"Ballygunge, Kolkata - WBPCB"
04-Nov-2019 - 00:00,76.71,129.9,61.93,29.01,90.5,28.78,6.17,0.99,40.4,9.28,3.68,4.08,13.78,7.78,26.27,73.62,0.34,261.29,0.04,,86.23,05-Nov-2019 - 00:00,"Ballygunge, Kolkata - WBPCB"
05-Nov-2019 - 00:00,133.82,223.86,75.3,15.17,89.93,33.4,9.17,1.18,51.07,10.71,2.96,5.12,17.2,12.34,26.38,70.82,0.45,290.92,0.04,,86.95,06-Nov-2019 - 00:00,"Ballygunge, Kolkata - WBPCB"
06-Nov-2019 - 00:00,167.11,261.93,66.97,13.47,80.55,42.76,9.3,1.21,59.55,10.39,2.01,3.8,14.39,9.89,25.6,61.53,0.42,307.23,0.04,,85.98,07-Nov-2019 - 00:00,"Ballygunge, Kolkata - WBPCB"
07-Nov-2019 - 00:00,96.94,166.35,75.67,12.92,88.76,56.82,10.66,0.8,46.16,10.14,2.12,3.67,12.93,6.74,24.86,62.13,0.34,301.66,0.04,,83.03,08-Nov-2019 - 00:00,"Ballygunge, Kolkata - WBPCB"
08-Nov-2019 - 00:00,57.63,97.6,40.11,9.67,49.83,50.43,3.7,0.43,29.96,6.4,0.79,2.17,6.61,3.4,23.57,84.36,0.52,210.66,-0.03,,55.41,09-Nov-2019 - 00:00,"Ballygunge, Kolkata - WBPCB"
09-Nov-2019 - 00:00,14.57,38.47,19.29,8.36,27.69,46.6,2.92,0.3,32.18,2.68,0.23,0.79,2.56,1.15,22.52,97.6,0.56,206.51,-0.12,,57.04,10-Nov-2019 - 00:00,"Ballygunge, Kolkata - WBPCB"
10-Nov-2019 - 00:00,29.76,54.2,24.32,9.36,33.69,30.55,4.25,0.42,39.58,2.81,0.66,1.49,5.37,2.86,24.27,87.48,1.05,314.02,0.03,998.66,92.01,11-Nov-2019 - 00:00,"Ballygunge, Kolkata - WBPCB"
11-Nov-2019 - 00:00,37.15,93.74,41.55,34.73,76.33,25.34,5.77,0.85,6.84,10.17,4.86,4.98,17.79,9.95,24.36,85.34,0.5,289.2,0.04,,110.64,12-Nov-2019 - 00:00,"Ballygunge, Kolkata - WBPCB"
12-Nov-2019 - 00:00,105.05,192.06,59.06,53.47,106.02,31.89,10.73,1.33,6.46,9.56,3.98,7.52,23.17,13.59,24.53,73.48,0.35,270.78,0.05,,107.82,13-Nov-2019 - 00:00,"Ballygunge, Kolkata - WBPCB"
13-Nov-2019 - 00:00,124.0,231.62,72.07,30.18,101.4,33.65,10.93,1.15,6.14,11.69,2.52,6.43,23.69,17.5,24.07,69.48,0.32,290.81,0.05,,110.13,14-Nov-2019 - 00:00,"Ballygunge, Kolkata - WBPCB"
14-Nov-2019 - 00:00,97.18,184.63,68.82,21.69,90.61,36.36,10.01,0.95,5.74,9.19,2.53,5.53,20.02,13.53,24.39,71.89,0.34,274.28,0.05,,107.46,15-Nov-2019 - 00:00,"Ballygunge, Kolkata - WBPCB"
15-Nov-2019 - 00:00,94.62,176.56,64.26,28.44,92.76,36.64,8.6,1.06,5.55,9.8,3.41,4.77,17.47,12.13,25.02,72.47,0.36,269.57,0.05,,102.19,16-Nov-2019 - 00:00,"Ballygunge, Kolkata - WBPCB"
16-Nov-2019 - 00:00,92.95,175.54,62.81,18.54,80.97,46.94,8.45,1.13,5.54,9.52,3.13,4.27,14.32,9.21,24.89,72.26,0.27,259.33,0.05,,97.84,17-Nov-2019 - 00:00,"Ballygunge, Kolkata - WBPCB"
17-Nov-2019 - 00:00,100.04,175.64,65.51,28.09,92.28,41.6,8.0,1.2,5.33,8.09,3.05,4.02,14.03,8.26,23.98,74.25,0.29,236.63,0.04,,93.24,18-Nov-2019 - 00:00,"Ballygunge, Kolkata - WBPCB"
18-Nov-2019 - 00:00,109.08,184.9,76.32,21.77,98.21,39.76,12.78,1.31,9.17,9.52,2.99,5.79,15.87,9.31,24.02,71.55,0.25,228.69,0.04,,93.4,19-Nov-2019 - 00:00,"Ballygunge, Kolkata - WBPCB"
19-Nov-2019 - 00:00,108.28,173.86,75.34,38.12,113.57,53.97,17.91,1.38,60.91,10.58,3.96,8.28,22.19,13.97,23.68,63.4,0.43,275.75,0.05,,95.64,20-Nov-2019 - 00:00,"Ballygunge, Kolkata - WBPCB"
20-Nov-2019 - 00:00,104.4,169.24,86.18,48.85,132.53,66.8,11.8,1.51,51.74,13.28,3.52,7.66,25.57,14.48,23.49,58.76,0.25,217.02,0.04,,102.12,21-Nov-2019 - 00:00,"Ballygunge, Kolkata - WBPCB"
21-Nov-2019 - 00:00,95.95,156.51,81.36,15.55,97.02,71.41,8.66,1.05,56.3,8.55,2.1,4.97,17.49,12.56,23.1,59.1,0.27,266.76,0.04,,100.81,22-Nov-2019 - 00:00,"Ballygunge, Kolkata - WBPCB"
22-Nov-2019 - 00:00,101.31,178.86,80.76,21.55,102.4,68.64,14.61,1.05,56.9,7.4,1.93,6.12,23.87,17.76,23.02,62.6,0.28,261.84,0.05,,86.05,23-Nov-2019 - 00:00,"Ballygunge, Kolkata - WBPCB"
23-Nov-2019 - 00:00,117.08,189.64,85.58,24.14,109.85,65.78,14.4,1.27,66.41,9.45,3.29,5.52,19.62,16.62,22.98,70.5,0.32,263.76,0.04,,83.77,24-Nov-2019 - 00:00,"Ballygunge, Kolkata - WBPCB"
24-Nov-2019 - 00:00,145.72,225.82,91.55,34.02,124.11,54.1,11.87,1.3,52.37,8.62,2.55,5.95,22.36,14.37,22.77,71.72,0.25,233.37,0.05,,81.46,25-Nov-2019 - 00:00,"Ballygunge, Kolkata - WBPCB"
25-Nov-2019 - 00:00,124.08,181.7,80.41,20.91,101.47,49.23,7.55,1.37,56.61,10.37,1.91,5.07,16.57,8.81,23.24,75.71,0.18,229.0,0.04,,76.16,26-Nov-2019 - 00:00,"Ballygunge, Kolkata - WBPCB"
26-Nov-2019 - 00:00,122.35,178.71,75.98,61.19,135.85,40.74,6.08,1.75,48.24,14.8,3.32,6.67,24.32,11.32,23.47,78.8,0.23,183.35,0.04,,77.67,27-Nov-2019 - 00:00,"Ballygunge, Kolkata - WBPCB"
27-Nov-2019 - 00:00,131.82,196.35,54.08,38.5,90.68,35.65,7.46,1.6,48.54,18.5,2.3,6.45,22.21,13.59,24.07,75.15,0.19,226.0,0.04,,79.03,28-Nov-2019 - 00:00,"Ballygunge, Kolkata - WBPCB"
28-Nov-2019 - 00:00,86.09,134.01,31.28,10.23,40.53,23.98,7.87,1.19,45.32,23.09,1.91,8.09,22.16,13.27,24.43,70.93,0.22,239.66,0.04,,78.24,29-Nov-2019 - 00:00,"Ballygunge, Kolkata - WBPCB"
29-Nov-2019 - 00:00,80.41,135.06,28.13,23.73,50.55,23.4,6.72,1.35,43.62,13.05,3.64,14.59,21.07,12.21,24.06,75.07,0.19,208.07,0.04,,78.24,30-Nov-2019 - 00:00,"Ballygunge, Kolkata - WBPCB"
30-Nov-2019 - 00:00,119.66,201.56,22.98,40.47,48.39,18.04,16.57,1.96,42.0,17.16,4.34,15.54,33.93,20.59,23.9,74.09,0.23,238.01,0.05,,74.61,01-Dec-2019 - 00:00,"Ballygunge, Kolkata - WBPCB"
01-Dec-2019 - 00:00,110.47,168.41,21.73,20.91,31.09,20.64,13.17,1.19,46.13,7.02,1.98,5.8,19.21,11.6,22.94,69.63,0.28,233.31,0.04,,74.76,02-Dec-2019 - 00:00,"Ballygunge, Kolkata - WBPCB"
02-Dec-2019 - 00:00,92.36,142.49,22.45,15.39,34.63,21.53,16.99,1.29,38.17,19.49,15.0,8.44,22.89,8.51,22.95,58.83,0.39,271.6,0.05,,77.52,03-Dec-2019 - 00:00,"Ballygunge, Kolkata - WBPCB"
03-Dec-2019 - 00:00,109.05,162.57,27.33,16.6,36.62,33.09,16.6,1.1,44.33,19.34,20.3,8.83,18.68,2.74,21.56,60.9,0.28,234.41,0.04,,76.52,04-Dec-2019 - 00:00,"Ballygunge, Kolkata - WBPCB"
04-Dec-2019 - 00:00,111.66,181.18,29.59,11.17,33.58,47.65,21.37,0.86,50.9,20.91,18.2,6.22,19.05,3.01,21.72,56.35,0.54,320.95,0.06,,83.38,05-Dec-2019 - 00:00,"Ballygunge, Kolkata - WBPCB"
05-Dec-2019 - 00:00,106.62,164.12,28.3,7.95,36.1,47.3,20.88,0.93,43.92,22.48,18.67,4.47,14.16,2.32,21.31,64.87,0.55,303.65,0.05,,83.22,06-Dec-2019 - 00:00,"Ballygunge, Kolkata - WBPCB"
06-Dec-2019 - 00:00,75.2,117.83,22.44,11.5,32.82,37.6,12.42,0.81,31.45,12.13,12.6,3.4,10.58,1.38,22.26,70.64,0.23,191.41,0.04,,80.69,07-Dec-2019 - 00:00,"Ballygunge, Kolkata - WBPCB"
07-Dec-2019 - 00:00,72.03,126.17,24.92,23.06,43.56,28.29,15.55,1.1,32.72,13.62,15.48,5.25,15.37,1.98,23.04,66.21,0.19,222.74,0.04,,70.91,08-Dec-2019 - 00:00,"Ballygunge, Kolkata - WBPCB"
08-Dec-2019 - 00:00,75.83,99.98,24.66,15.96,37.15,27.81,17.1,0.8,32.63,12.98,16.72,5.64,19.42,3.9,23.84,64.47,0.2,246.84,0.04,,78.77,09-Dec-2019 - 00:00,"Ballygunge, Kolkata - WBPCB"
09-Dec-2019 - 00:00,73.59,99.79,22.51,7.89,30.52,25.15,16.22,0.81,35.75,11.84,12.65,3.35,11.34,1.57,23.19,60.09,0.37,281.03,0.05,,68.96,10-Dec-2019 - 00:00,"Ballygunge, Kolkata - WBPCB"
10-Dec-2019 - 00:00,60.89,118.95,26.56,6.65,32.59,36.13,16.11,0.61,48.5,15.59,15.92,3.35,11.14,1.67,22.11,53.15,0.28,180.06,0.03,,69.76,11-Dec-2019 - 00:00,"Ballygunge, Kolkata - WBPCB"
11-Dec-2019 - 00:00,79.07,106.09,23.16,6.26,29.72,29.77,16.61,0.65,56.82,9.88,9.32,1.84,6.35,0.79,22.07,67.6,0.36,155.03,0.03,,67.87,12-Dec-2019 - 00:00,"Ballygunge, Kolkata - WBPCB"
12-Dec-2019 - 00:00,70.08,125.37,20.5,8.07,28.88,18.76,15.54,0.76,41.77,13.94,12.95,2.53,8.41,1.25,22.07,76.3,0.33,170.27,0.03,,64.36,13-Dec-2019 - 00:00,"Ballygunge, Kolkata - WBPCB"
13-Dec-2019 - 00:00,113.27,167.51,20.46,8.03,28.82,18.52,17.3,0.86,53.73,18.92,15.35,3.3,12.1,1.83,22.41,72.85,0.41,162.45,0.03,,71.78,14-Dec-2019 - 00:00,"Ballygunge, Kolkata - WBPCB"
14-Dec-2019 - 00:00,134.43,209.17,30.0,18.92,49.25,20.29,17.34,1.1,44.77,19.66,16.61,4.71,16.5,2.4,22.67,75.03,0.24,214.78,0.04,,67.13,15-Dec-2019 - 00:00,"Ballygunge, Kolkata - WBPCB"
15-Dec-2019 - 00:00,103.78,163.04,24.24,12.7,37.26,19.86,16.12,0.85,41.16,10.9,10.92,3.11,11.19,1.54,21.97,74.9,0.34,304.76,0.04,,71.81,16-Dec-2019 - 00:00,"Ballygunge, Kolkata - WBPCB"
16-Dec-2019 - 00:00,67.95,127.34,25.24,9.79,35.37,21.2,18.19,0.67,32.75,11.36,12.61,3.1,10.13,1.5,21.78,66.43,0.36,312.04,0.05,,74.27,17-Dec-2019 - 00:00,"Ballygunge, Kolkata - WBPCB"
17-Dec-2019 - 00:00,70.08,137.56,25.26,9.33,34.9,21.94,15.24,0.65,34.7,10.4,11.58,2.94,9.85,1.63,21.22,68.57,0.51,315.93,0.05,,72.25,18-Dec-2019 - 00:00,"Ballygunge, Kolkata - WBPCB"
18-Dec-2019 - 00:00,69.87,136.7,22.39,7.73,30.44,21.53,14.24,0.6,45.98,9.35,10.4,3.66,11.82,1.92,18.36,65.7,0.78,329.63,0.05,,73.13,19-Dec-2019 - 00:00,"Ballygunge, Kolkata - WBPCB"
19-Dec-2019 - 00:00,76.11,146.89,24.77,8.59,33.69,23.44,15.96,0.68,39.82,10.21,8.82,2.38,8.09,1.37,16.35,61.91,0.73,327.05,0.05,,70.53,20-Dec-2019 - 00:00,"Ballygunge, Kolkata - WBPCB"
20-Dec-2019 - 00:00,101.48,184.87,33.03,27.49,60.87,26.42,15.3,1.0,36.65,16.71,17.52,4.2,13.24,2.26,15.78,67.18,0.52,282.14,0.04,,65.73,21-Dec-2019 - 00:00,"Ballygunge, Kolkata - WBPCB"
21-Dec-2019 - 00:00,130.5,215.47,35.35,31.21,66.9,30.4,13.21,1.08,31.07,18.9,16.94,3.88,13.32,2.14,16.32,75.07,0.41,268.88,0.02,,62.77,22-Dec-2019 - 00:00,"Ballygunge, Kolkata - WBPCB"
22-Dec-2019 - 00:00,127.0,187.14,29.7,11.74,41.76,28.16,9.94,1.11,29.77,13.7,11.91,2.5,8.48,1.19,15.79,81.36,0.36,265.9,0.03,,63.2,23-Dec-2019 - 00:00,"Ballygunge, Kolkata - WBPCB"
23-Dec-2019 - 00:00,143.54,182.13,30.05,10.07,40.46,27.99,10.99,1.1,38.51,13.11,11.24,2.51,8.91,1.12,17.99,76.6,0.39,311.35,0.04,,63.22,24-Dec-2019 - 00:00,"Ballygunge, Kolkata - WBPCB"
24-Dec-2019 - 00:00,136.56,190.88,37.15,53.74,91.21,35.69,12.83,1.59,33.53,28.24,21.12,5.59,18.16,2.53,17.56,72.8,0.39,274.31,0.04,,62.47,25-Dec-2019 - 00:00,"Ballygunge, Kolkata - WBPCB"
25-Dec-2019 - 00:00,129.48,196.97,42.82,75.47,118.65,40.06,10.52,1.56,34.99,27.48,20.83,6.46,20.85,2.71,18.62,67.91,0.23,220.38,0.04,,61.26,26-Dec-2019 - 00:00,"Ballygunge, Kolkata - WBPCB"
26-Dec-2019 - 00:00,121.7,188.37,31.51,25.04,56.88,32.17,11.09,0.98,28.83,19.65,16.53,4.07,14.04,2.1,16.77,75.09,0.33,241.0,0.03,,48.56,27-Dec-2019 - 00:00,"Ballygunge, Kolkata - WBPCB"
27-Dec-2019 - 00:00,88.46,152.8,26.65,9.0,35.96,27.09,11.14,0.82,32.84,15.4,11.83,2.81,9.4,1.33,15.47,82.02,0.54,315.38,0.05,,62.79,28-Dec-2019 - 00:00,"Ballygunge, Kolkata - WBPCB"
28-Dec-2019 - 00:00,132.05,223.46,32.84,11.73,44.91,28.47,9.72,1.08,30.16,14.48,10.92,2.96,9.97,1.68,15.41,76.31,0.71,331.05,0.06,,67.57,29-Dec-2019 - 00:00,"Ballygunge, Kolkata - WBPCB"
29-Dec-2019 - 00:00,108.84,181.19,33.51,17.53,51.38,28.15,9.86,1.0,39.95,13.15,9.71,2.65,9.71,1.66,16.58,63.39,0.68,319.28,0.05,,68.88,30-Dec-2019 - 00:00,"Ballygunge, Kolkata - WBPCB"
30-Dec-2019 - 00:00,135.16,223.41,40.22,88.21,110.69,36.14,11.55,1.7,27.45,20.81,16.49,5.36,17.44,2.36,16.1,70.58,0.47,289.11,0.05,,64.39,31-Dec-2019 - 00:00,"Ballygunge, Kolkata - WBPCB"
31-Dec-2019 - 00:00,247.55,431.35,57.45,258.35,316.05,65.31,2.49,1.94,3.55,40.63,39.87,18.12,59.5,7.18,15.12,86.34,0.56,325.23,0.05,,31.48,01-Jan-2020 - 00:00,"Ballygunge, Kolkata - WBPCB"
