from date,PM2.5,PM10,NO2,NO,NOx,NH3,SO2,CO,Ozone,Benzene,Eth-Benzene,MP-Xylene,AT,RH,BP,SR,WS,WD,to date,station
01-Jan-2019 - 00:00,,,,,,,,,,,,,,,,,,,02-Jan-2019 - 00:00,"Chhatrapati Shivaji Intl. Airport (T2), Mumbai - MPCB"
02-Jan-2019 - 00:00,,,,,,,,,,,,,,,,,,,03-Jan-2019 - 00:00,"Chhatrapati Shivaji Intl. Airport (T2), Mumbai - MPCB"
03-Jan-2019 - 00:00,,,,,,,,,,,,,,,,,,,04-Jan-2019 - 00:00,"Chhatrapati Shivaji Intl. Airport (T2), Mumbai - MPCB"
04-Jan-2019 - 00:00,,,,,,,,,,,,,,,,,,,05-Jan-2019 - 00:00,"Chhatrapati Shivaji Intl. Airport (T2), Mumbai - MPCB"
05-Jan-2019 - 00:00,,,,,,,,,,,,,,,,,,,06-Jan-2019 - 00:00,"Chhatrapati Shivaji Intl. Airport (T2), Mumbai - MPCB"
06-Jan-2019 - 00:00,,,,,,,,,,,,,,,,,,,07-Jan-2019 - 00:00,"Chhatrapati Shivaji Intl. Airport (T2), Mumbai - MPCB"
07-Jan-2019 - 00:00,,,,,,,,,,,,,,,,,,,08-Jan-2019 - 00:00,"Chhatrapati Shivaji Intl. Airport (T2), Mumbai - MPCB"
08-Jan-2019 - 00:00,,,,,,,,,,,,,,,,,,,09-Jan-2019 - 00:00,"Chhatrapati Shivaji Intl. Airport (T2), Mumbai - MPCB"
09-Jan-2019 - 00:00,,,,,,,,,,,,,,,,,,,10-Jan-2019 - 00:00,"Chhatrapati Shivaji Intl. Airport (T2), Mumbai - MPCB"
10-Jan-2019 - 00:00,,,,,,,,,,,,,,,,,,,11-Jan-2019 - 00:00,"Chhatrapati Shivaji Intl. Airport (T2), Mumbai - MPCB"
11-Jan-2019 - 00:00,,,,,,,,,,,,,,,,,,,12-Jan-2019 - 00:00,"Chhatrapati Shivaji Intl. Airport (T2), Mumbai - MPCB"
12-Jan-2019 - 00:00,,,,,,,,,,,,,,,,,,,13-Jan-2019 - 00:00,"Chhatrapati Shivaji Intl. Airport (T2), Mumbai - MPCB"
13-Jan-2019 - 00:00,,,,,,,,,,,,,,,,,,,14-Jan-2019 - 00:00,"Chhatrapati Shivaji Intl. Airport (T2), Mumbai - MPCB"
14-Jan-2019 - 00:00,,,,,,,,,,,,,,,,,,,15-Jan-2019 - 00:00,"Chhatrapati Shivaji Intl. Airport (T2), Mumbai - MPCB"
15-Jan-2019 - 00:00,,,,,,,,,,,,,,,,,,,16-Jan-2019 - 00:00,"Chhatrapati Shivaji Intl. Airport (T2), Mumbai - MPCB"
16-Jan-2019 - 00:00,,,,,,,,,,,,,,,,,,,17-Jan-2019 - 00:00,"Chhatrapati Shivaji Intl. Airport (T2), Mumbai - MPCB"
17-Jan-2019 - 00:00,,,,,,,,,,,,,,,,,,,18-Jan-2019 - 00:00,"Chhatrapati Shivaji Intl. Airport (T2), Mumbai - MPCB"
18-Jan-2019 - 00:00,,,,,,,,,,,,,,,,,,,19-Jan-2019 - 00:00,"Chhatrapati Shivaji Intl. Airport (T2), Mumbai - MPCB"
19-Jan-2019 - 00:00,,,,,,,,,,,,,,,,,,,20-Jan-2019 - 00:00,"Chhatrapati Shivaji Intl. Airport (T2), Mumbai - MPCB"
20-Jan-2019 - 00:00,,,,,,,,,,,,,,,,,,,21-Jan-2019 - 00:00,"Chhatrapati Shivaji Intl. Airport (T2), Mumbai - MPCB"
21-Jan-2019 - 00:00,,,,,,,,,,,,,,,,,,,22-Jan-2019 - 00:00,"Chhatrapati Shivaji Intl. Airport (T2), Mumbai - MPCB"
22-Jan-2019 - 00:00,,,,,,,,,,,,,,,,,,,23-Jan-2019 - 00:00,"Chhatrapati Shivaji Intl. Airport (T2), Mumbai - MPCB"
23-Jan-2019 - 00:00,,,,,,,,,,,,,,,,,,,24-Jan-2019 - 00:00,"Chhatrapati Shivaji Intl. Airport (T2), Mumbai - MPCB"
24-Jan-2019 - 00:00,,,,,,,,,,,,,,,,,,,25-Jan-2019 - 00:00,"Chhatrapati Shivaji Intl. Airport (T2), Mumbai - MPCB"
25-Jan-2019 - 00:00,,,,,,,,,,,,,,,,,,,26-Jan-2019 - 00:00,"Chhatrapati Shivaji Intl. Airport (T2), Mumbai - MPCB"
26-Jan-2019 - 00:00,,,,,,,,,,,,,,,,,,,27-Jan-2019 - 00:00,"Chhatrapati Shivaji Intl. Airport (T2), Mumbai - MPCB"
27-Jan-2019 - 00:00,,,,,,,,,,,,,,,,,,,28-Jan-2019 - 00:00,"Chhatrapati Shivaji Intl. Airport (T2), Mumbai - MPCB"
28-Jan-2019 - 00:00,,,,,,,,,,,,,,,,,,,29-Jan-2019 - 00:00,"Chhatrapati Shivaji Intl. Airport (T2), Mumbai - MPCB"
29-Jan-2019 - 00:00,,,,,,,,,,,,,,,,,,,30-Jan-2019 - 00:00,"Chhatrapati Shivaji Intl. Airport (T2), Mumbai - MPCB"
30-Jan-2019 - 00:00,,,,,,,,,,,,,,,,,,,31-Jan-2019 - 00:00,"Chhatrapati Shivaji Intl. Airport (T2), Mumbai - MPCB"
31-Jan-2019 - 00:00,,,,,,,,,,,,,,,,,,,01-Feb-2019 - 00:00,"Chhatrapati Shivaji Intl. Airport (T2), Mumbai - MPCB"
01-Feb-2019 - 00:00,,,,,,,,,,,,,,,,,,,02-Feb-2019 - 00:00,"Chhatrapati Shivaji Intl. Airport (T2), Mumbai - MPCB"
02-Feb-2019 - 00:00,,,,,,,,,,,,,,,,,,,03-Feb-2019 - 00:00,"Chhatrapati Shivaji Intl. Airport (T2), Mumbai - MPCB"
03-Feb-2019 - 00:00,,,,,,,,,,,,,,,,,,,04-Feb-2019 - 00:00,"Chhatrapati Shivaji Intl. Airport (T2), Mumbai - MPCB"
04-Feb-2019 - 00:00,,,,,,,,,,,,,,,,,,,05-Feb-2019 - 00:00,"Chhatrapati Shivaji Intl. Airport (T2), Mumbai - MPCB"
05-Feb-2019 - 00:00,,,,,,,,,,,,,,,,,,,06-Feb-2019 - 00:00,"Chhatrapati Shivaji Intl. Airport (T2), Mumbai - MPCB"
06-Feb-2019 - 00:00,,,,,,,,,,,,,,,,,,,07-Feb-2019 - 00:00,"Chhatrapati Shivaji Intl. Airport (T2), Mumbai - MPCB"
07-Feb-2019 - 00:00,,,,,,,,,,,,,,,,,,,08-Feb-2019 - 00:00,"Chhatrapati Shivaji Intl. Airport (T2), Mumbai - MPCB"
08-Feb-2019 - 00:00,,,,,,,,,,,,,,,,,,,09-Feb-2019 - 00:00,"Chhatrapati Shivaji Intl. Airport (T2), Mumbai - MPCB"
09-Feb-2019 - 00:00,,,,,,,,,,,,,,,,,,,10-Feb-2019 - 00:00,"Chhatrapati Shivaji Intl. Airport (T2), Mumbai - MPCB"
10-Feb-2019 - 00:00,,,,,,,,,,,,,,,,,,,11-Feb-2019 - 00:00,"Chhatrapati Shivaji Intl. Airport (T2), Mumbai - MPCB"
11-Feb-2019 - 00:00,,,,,,,,,,,,,,,,,,,12-Feb-2019 - 00:00,"Chhatrapati Shivaji Intl. Airport (T2), Mumbai - MPCB"
12-Feb-2019 - 00:00,,,,,,,,,,,,,,,,,,,13-Feb-2019 - 00:00,"Chhatrapati Shivaji Intl. Airport (T2), Mumbai - MPCB"
13-Feb-2019 - 00:00,,,,,,,,,,,,,,,,,,,14-Feb-2019 - 00:00,"Chhatrapati Shivaji Intl. Airport (T2), Mumbai - MPCB"
14-Feb-2019 - 00:00,,,,,,,,,,,,,,,,,,,15-Feb-2019 - 00:00,"Chhatrapati Shivaji Intl. Airport (T2), Mumbai - MPCB"
15-Feb-2019 - 00:00,,,,,,,,,,,,,,,,,,,16-Feb-2019 - 00:00,"Chhatrapati Shivaji Intl. Airport (T2), Mumbai - MPCB"
16-Feb-2019 - 00:00,,,,,,,,,,,,,,,,,,,17-Feb-2019 - 00:00,"Chhatrapati Shivaji Intl. Airport (T2), Mumbai - MPCB"
17-Feb-2019 - 00:00,,,,,,,,,,,,,,,,,,,18-Feb-2019 - 00:00,"Chhatrapati Shivaji Intl. Airport (T2), Mumbai - MPCB"
18-Feb-2019 - 00:00,,,,,,,,,,,,,,,,,,,19-Feb-2019 - 00:00,"Chhatrapati Shivaji Intl. Airport (T2), Mumbai - MPCB"
19-Feb-2019 - 00:00,,,,,,,,,,,,,,,,,,,20-Feb-2019 - 00:00,"Chhatrapati Shivaji Intl. Airport (T2), Mumbai - MPCB"
20-Feb-2019 - 00:00,,,,,,,,,,,,,,,,,,,21-Feb-2019 - 00:00,"Chhatrapati Shivaji Intl. Airport (T2), Mumbai - MPCB"
21-Feb-2019 - 00:00,,,,,,,,,,,,,,,,,,,22-Feb-2019 - 00:00,"Chhatrapati Shivaji Intl. Airport (T2), Mumbai - MPCB"
22-Feb-2019 - 00:00,,,,,,,,,,,,,,,,,,,23-Feb-2019 - 00:00,"Chhatrapati Shivaji Intl. Airport (T2), Mumbai - MPCB"
23-Feb-2019 - 00:00,,,,,,,,,,,,,,,,,,,24-Feb-2019 - 00:00,"Chhatrapati Shivaji Intl. Airport (T2), Mumbai - MPCB"
24-Feb-2019 - 00:00,,,,,,,,,,,,,,,,,,,25-Feb-2019 - 00:00,"Chhatrapati Shivaji Intl. Airport (T2), Mumbai - MPCB"
25-Feb-2019 - 00:00,,,,,,,,,,,,,,,,,,,26-Feb-2019 - 00:00,"Chhatrapati Shivaji Intl. Airport (T2), Mumbai - MPCB"
26-Feb-2019 - 00:00,,,,,,,,,,,,,,,,,,,27-Feb-2019 - 00:00,"Chhatrapati Shivaji Intl. Airport (T2), Mumbai - MPCB"
27-Feb-2019 - 00:00,,,,,,,,,,,,,,,,,,,28-Feb-2019 - 00:00,"Chhatrapati Shivaji Intl. Airport (T2), Mumbai - MPCB"
28-Feb-2019 - 00:00,,,,,,,,,,,,,,,,,,,01-Mar-2019 - 00:00,"Chhatrapati Shivaji Intl. Airport (T2), Mumbai - MPCB"
01-Mar-2019 - 00:00,,,,,,,,,,,,,,,,,,,02-Mar-2019 - 00:00,"Chhatrapati Shivaji Intl. Airport (T2), Mumbai - MPCB"
02-Mar-2019 - 00:00,,,,,,,,,,,,,,,,,,,03-Mar-2019 - 00:00,"Chhatrapati Shivaji Intl. Airport (T2), Mumbai - MPCB"
03-Mar-2019 - 00:00,,,,,,,,,,,,,,,,,,,04-Mar-2019 - 00:00,"Chhatrapati Shivaji Intl. Airport (T2), Mumbai - MPCB"
04-Mar-2019 - 00:00,,,,,,,,,,,,,,,,,,,05-Mar-2019 - 00:00,"Chhatrapati Shivaji Intl. Airport (T2), Mumbai - MPCB"
05-Mar-2019 - 00:00,,,,,,,,,,,,,,,,,,,06-Mar-2019 - 00:00,"Chhatrapati Shivaji Intl. Airport (T2), Mumbai - MPCB"
06-Mar-2019 - 00:00,,,,,,,,,,,,,,,,,,,07-Mar-2019 - 00:00,"Chhatrapati Shivaji Intl. Airport (T2), Mumbai - MPCB"
07-Mar-2019 - 00:00,,,,,,,,,,,,,,,,,,,08-Mar-2019 - 00:00,"Chhatrapati Shivaji Intl. Airport (T2), Mumbai - MPCB"
08-Mar-2019 - 00:00,,,,,,,,,,,,,,,,,,,09-Mar-2019 - 00:00,"Chhatrapati Shivaji Intl. Airport (T2), Mumbai - MPCB"
09-Mar-2019 - 00:00,,,,,,,,,,,,,,,,,,,10-Mar-2019 - 00:00,"Chhatrapati Shivaji Intl. Airport (T2), Mumbai - MPCB"
10-Mar-2019 - 00:00,,,,,,,,,,,,,,,,,,,11-Mar-2019 - 00:00,"Chhatrapati Shivaji Intl. Airport (T2), Mumbai - MPCB"
11-Mar-2019 - 00:00,,,,,,,,,,,,,,,,,,,12-Mar-2019 - 00:00,"Chhatrapati Shivaji Intl. Airport (T2), Mumbai - MPCB"
12-Mar-2019 - 00:00,,,,,,,,,,,,,,,,,,,13-Mar-2019 - 00:00,"Chhatrapati Shivaji Intl. Airport (T2), Mumbai - MPCB"
13-Mar-2019 - 00:00,,,,,,,,,,,,,,,,,,,14-Mar-2019 - 00:00,"Chhatrapati Shivaji Intl. Airport (T2), Mumbai - MPCB"
14-Mar-2019 - 00:00,,,,,,,,,,,,,,,,,,,15-Mar-2019 - 00:00,"Chhatrapati Shivaji Intl. Airport (T2), Mumbai - MPCB"
15-Mar-2019 - 00:00,,,,,,,,,,,,,,,,,,,16-Mar-2019 - 00:00,"Chhatrapati Shivaji Intl. Airport (T2), Mumbai - MPCB"
16-Mar-2019 - 00:00,,,,,,,,,,,,,,,,,,,17-Mar-2019 - 00:00,"Chhatrapati Shivaji Intl. Airport (T2), Mumbai - MPCB"
17-Mar-2019 - 00:00,,,,,,,,,,,,,,,,,,,18-Mar-2019 - 00:00,"Chhatrapati Shivaji Intl. Airport (T2), Mumbai - MPCB"
18-Mar-2019 - 00:00,,,,,,,,,,,,,,,,,,,19-Mar-2019 - 00:00,"Chhatrapati Shivaji Intl. Airport (T2), Mumbai - MPCB"
19-Mar-2019 - 00:00,,,,,,,,,,,,,,,,,,,20-Mar-2019 - 00:00,"Chhatrapati Shivaji Intl. Airport (T2), Mumbai - MPCB"
20-Mar-2019 - 00:00,,,,,,,,,,,,,,,,,,,21-Mar-2019 - 00:00,"Chhatrapati Shivaji Intl. Airport (T2), Mumbai - MPCB"
21-Mar-2019 - 00:00,,,,,,,,,,,,,,,,,,,22-Mar-2019 - 00:00,"Chhatrapati Shivaji Intl. Airport (T2), Mumbai - MPCB"
22-Mar-2019 - 00:00,,,,,,,,,,,,,,,,,,,23-Mar-2019 - 00:00,"Chhatrapati Shivaji Intl. Airport (T2), Mumbai - MPCB"
23-Mar-2019 - 00:00,,,,,,,,,,,,,,,,,,,24-Mar-2019 - 00:00,"Chhatrapati Shivaji Intl. Airport (T2), Mumbai - MPCB"
24-Mar-2019 - 00:00,,,,,,,,,,,,,,,,,,,25-Mar-2019 - 00:00,"Chhatrapati Shivaji Intl. Airport (T2), Mumbai - MPCB"
25-Mar-2019 - 00:00,,,,,,,,,,,,,,,,,,,26-Mar-2019 - 00:00,"Chhatrapati Shivaji Intl. Airport (T2), Mumbai - MPCB"
26-Mar-2019 - 00:00,,,,,,,,,,,,,,,,,,,27-Mar-2019 - 00:00,"Chhatrapati Shivaji Intl. Airport (T2), Mumbai - MPCB"
27-Mar-2019 - 00:00,,,,,,,,,,,,,,,,,,,28-Mar-2019 - 00:00,"Chhatrapati Shivaji Intl. Airport (T2), Mumbai - MPCB"
28-Mar-2019 - 00:00,,,,,,,,,,,,,,,,,,,29-Mar-2019 - 00:00,"Chhatrapati Shivaji Intl. Airport (T2), Mumbai - MPCB"
29-Mar-2019 - 00:00,,,,,,,,,,,,,,,,,,,30-Mar-2019 - 00:00,"Chhatrapati Shivaji Intl. Airport (T2), Mumbai - MPCB"
30-Mar-2019 - 00:00,,,,,,,,,,,,,,,,,,,31-Mar-2019 - 00:00,"Chhatrapati Shivaji Intl. Airport (T2), Mumbai - MPCB"
31-Mar-2019 - 00:00,,,,,,,,,,,,,,,,,,,01-Apr-2019 - 00:00,"Chhatrapati Shivaji Intl. Airport (T2), Mumbai - MPCB"
01-Apr-2019 - 00:00,,,,,,,,,,,,,,,,,,,02-Apr-2019 - 00:00,"Chhatrapati Shivaji Intl. Airport (T2), Mumbai - MPCB"
02-Apr-2019 - 00:00,,,,,,,,,,,,,,,,,,,03-Apr-2019 - 00:00,"Chhatrapati Shivaji Intl. Airport (T2), Mumbai - MPCB"
03-Apr-2019 - 00:00,,,,,,,,,,,,,,,,,,,04-Apr-2019 - 00:00,"Chhatrapati Shivaji Intl. Airport (T2), Mumbai - MPCB"
04-Apr-2019 - 00:00,,,,,,,,,,,,,,,,,,,05-Apr-2019 - 00:00,"Chhatrapati Shivaji Intl. Airport (T2), Mumbai - MPCB"
05-Apr-2019 - 00:00,,,,,,,,,,,,,,,,,,,06-Apr-2019 - 00:00,"Chhatrapati Shivaji Intl. Airport (T2), Mumbai - MPCB"
06-Apr-2019 - 00:00,,,,,,,,,,,,,,,,,,,07-Apr-2019 - 00:00,"Chhatrapati Shivaji Intl. Airport (T2), Mumbai - MPCB"
07-Apr-2019 - 00:00,,,,,,,,,,,,,,,,,,,08-Apr-2019 - 00:00,"Chhatrapati Shivaji Intl. Airport (T2), Mumbai - MPCB"
08-Apr-2019 - 00:00,,,,,,,,,,,,,,,,,,,09-Apr-2019 - 00:00,"Chhatrapati Shivaji Intl. Airport (T2), Mumbai - MPCB"
09-Apr-2019 - 00:00,,,,,,,,,,,,,,,,,,,10-Apr-2019 - 00:00,"Chhatrapati Shivaji Intl. Airport (T2), Mumbai - MPCB"
10-Apr-2019 - 00:00,,,,,,,,,,,,,,,,,,,11-Apr-2019 - 00:00,"Chhatrapati Shivaji Intl. Airport (T2), Mumbai - MPCB"
11-Apr-2019 - 00:00,,,,,,,,,,,,,,,,,,,12-Apr-2019 - 00:00,"Chhatrapati Shivaji Intl. Airport (T2), Mumbai - MPCB"
12-Apr-2019 - 00:00,,,,,,,,,,,,,,,,,,,13-Apr-2019 - 00:00,"Chhatrapati Shivaji Intl. Airport (T2), Mumbai - MPCB"
13-Apr-2019 - 00:00,,,,,,,,,,,,,,,,,,,14-Apr-2019 - 00:00,"Chhatrapati Shivaji Intl. Airport (T2), Mumbai - MPCB"
14-Apr-2019 - 00:00,,,,,,,,,,,,,,,,,,,15-Apr-2019 - 00:00,"Chhatrapati Shivaji Intl. Airport (T2), Mumbai - MPCB"
15-Apr-2019 - 00:00,,,,,,,,,,,,,,,,,,,16-Apr-2019 - 00:00,"Chhatrapati Shivaji Intl. Airport (T2), Mumbai - MPCB"
16-Apr-2019 - 00:00,,,,,,,,,,,,,,,,,,,17-Apr-2019 - 00:00,"Chhatrapati Shivaji Intl. Airport (T2), Mumbai - MPCB"
17-Apr-2019 - 00:00,,,,,,,,,,,,,,,,,,,18-Apr-2019 - 00:00,"Chhatrapati Shivaji Intl. Airport (T2), Mumbai - MPCB"
18-Apr-2019 - 00:00,,,,,,,,,,,,,,,,,,,19-Apr-2019 - 00:00,"Chhatrapati Shivaji Intl. Airport (T2), Mumbai - MPCB"
19-Apr-2019 - 00:00,,,,,,,,,,,,,,,,,,,20-Apr-2019 - 00:00,"Chhatrapati Shivaji Intl. Airport (T2), Mumbai - MPCB"
20-Apr-2019 - 00:00,,,,,,,,,,,,,,,,,,,21-Apr-2019 - 00:00,"Chhatrapati Shivaji Intl. Airport (T2), Mumbai - MPCB"
21-Apr-2019 - 00:00,,,,,,,,,,,,,,,,,,,22-Apr-2019 - 00:00,"Chhatrapati Shivaji Intl. Airport (T2), Mumbai - MPCB"
22-Apr-2019 - 00:00,,,,,,,,,,,,,,,,,,,23-Apr-2019 - 00:00,"Chhatrapati Shivaji Intl. Airport (T2), Mumbai - MPCB"
23-Apr-2019 - 00:00,,,,,,,,,,,,,,,,,,,24-Apr-2019 - 00:00,"Chhatrapati Shivaji Intl. Airport (T2), Mumbai - MPCB"
24-Apr-2019 - 00:00,,,,,,,,,,,,,,,,,,,25-Apr-2019 - 00:00,"Chhatrapati Shivaji Intl. Airport (T2), Mumbai - MPCB"
25-Apr-2019 - 00:00,,,,,,,,,,,,,,,,,,,26-Apr-2019 - 00:00,"Chhatrapati Shivaji Intl. Airport (T2), Mumbai - MPCB"
26-Apr-2019 - 00:00,,,,,,,,,,,,,,,,,,,27-Apr-2019 - 00:00,"Chhatrapati Shivaji Intl. Airport (T2), Mumbai - MPCB"
27-Apr-2019 - 00:00,,,,,,,,,,,,,,,,,,,28-Apr-2019 - 00:00,"Chhatrapati Shivaji Intl. Airport (T2), Mumbai - MPCB"
28-Apr-2019 - 00:00,,,,,,,,,,,,,,,,,,,29-Apr-2019 - 00:00,"Chhatrapati Shivaji Intl. Airport (T2), Mumbai - MPCB"
29-Apr-2019 - 00:00,,,,,,,,,,,,,,,,,,,30-Apr-2019 - 00:00,"Chhatrapati Shivaji Intl. Airport (T2), Mumbai - MPCB"
30-Apr-2019 - 00:00,,,,,,,,,,,,,,,,,,,01-May-2019 - 00:00,"Chhatrapati Shivaji Intl. Airport (T2), Mumbai - MPCB"
01-May-2019 - 00:00,,,,,,,,,,,,,,,,,,,02-May-2019 - 00:00,"Chhatrapati Shivaji Intl. Airport (T2), Mumbai - MPCB"
02-May-2019 - 00:00,,,,,,,,,,,,,,,,,,,03-May-2019 - 00:00,"Chhatrapati Shivaji Intl. Airport (T2), Mumbai - MPCB"
03-May-2019 - 00:00,,,,,,,,,,,,,,,,,,,04-May-2019 - 00:00,"Chhatrapati Shivaji Intl. Airport (T2), Mumbai - MPCB"
04-May-2019 - 00:00,,,,,,,,,,,,,,,,,,,05-May-2019 - 00:00,"Chhatrapati Shivaji Intl. Airport (T2), Mumbai - MPCB"
05-May-2019 - 00:00,,,,,,,,,,,,,,,,,,,06-May-2019 - 00:00,"Chhatrapati Shivaji Intl. Airport (T2), Mumbai - MPCB"
06-May-2019 - 00:00,,,,,,,,,,,,,,,,,,,07-May-2019 - 00:00,"Chhatrapati Shivaji Intl. Airport (T2), Mumbai - MPCB"
07-May-2019 - 00:00,,,,,,,,,,,,,,,,,,,08-May-2019 - 00:00,"Chhatrapati Shivaji Intl. Airport (T2), Mumbai - MPCB"
08-May-2019 - 00:00,,,,,,,,,,,,,,,,,,,09-May-2019 - 00:00,"Chhatrapati Shivaji Intl. Airport (T2), Mumbai - MPCB"
09-May-2019 - 00:00,,,,,,,,,,,,,,,,,,,10-May-2019 - 00:00,"Chhatrapati Shivaji Intl. Airport (T2), Mumbai - MPCB"
10-May-2019 - 00:00,,,,,,,,,,,,,,,,,,,11-May-2019 - 00:00,"Chhatrapati Shivaji Intl. Airport (T2), Mumbai - MPCB"
11-May-2019 - 00:00,,,,,,,,,,,,,,,,,,,12-May-2019 - 00:00,"Chhatrapati Shivaji Intl. Airport (T2), Mumbai - MPCB"
12-May-2019 - 00:00,,,,,,,,,,,,,,,,,,,13-May-2019 - 00:00,"Chhatrapati Shivaji Intl. Airport (T2), Mumbai - MPCB"
13-May-2019 - 00:00,,,,,,,,,,,,,,,,,,,14-May-2019 - 00:00,"Chhatrapati Shivaji Intl. Airport (T2), Mumbai - MPCB"
14-May-2019 - 00:00,,,,,,,,,,,,,,,,,,,15-May-2019 - 00:00,"Chhatrapati Shivaji Intl. Airport (T2), Mumbai - MPCB"
15-May-2019 - 00:00,,,,,,,,,,,,,,,,,,,16-May-2019 - 00:00,"Chhatrapati Shivaji Intl. Airport (T2), Mumbai - MPCB"
16-May-2019 - 00:00,,,,,,,,,,,,,,,,,,,17-May-2019 - 00:00,"Chhatrapati Shivaji Intl. Airport (T2), Mumbai - MPCB"
17-May-2019 - 00:00,,,,,,,,,,,,,,,,,,,18-May-2019 - 00:00,"Chhatrapati Shivaji Intl. Airport (T2), Mumbai - MPCB"
18-May-2019 - 00:00,,,,,,,,,,,,,,,,,,,19-May-2019 - 00:00,"Chhatrapati Shivaji Intl. Airport (T2), Mumbai - MPCB"
19-May-2019 - 00:00,,,,,,,,,,,,,,,,,,,20-May-2019 - 00:00,"Chhatrapati Shivaji Intl. Airport (T2), Mumbai - MPCB"
20-May-2019 - 00:00,,,,,,,,,,,,,,,,,,,21-May-2019 - 00:00,"Chhatrapati Shivaji Intl. Airport (T2), Mumbai - MPCB"
21-May-2019 - 00:00,,,,,,,,,,,,,,,,,,,22-May-2019 - 00:00,"Chhatrapati Shivaji Intl. Airport (T2), Mumbai - MPCB"
22-May-2019 - 00:00,,,,,,,,,,,,,,,,,,,23-May-2019 - 00:00,"Chhatrapati Shivaji Intl. Airport (T2), Mumbai - MPCB"
23-May-2019 - 00:00,,,,,,,,,,,,,,,,,,,24-May-2019 - 00:00,"Chhatrapati Shivaji Intl. Airport (T2), Mumbai - MPCB"
24-May-2019 - 00:00,,,,,,,,,,,,,,,,,,,25-May-2019 - 00:00,"Chhatrapati Shivaji Intl. Airport (T2), Mumbai - MPCB"
25-May-2019 - 00:00,,,,,,,,,,,,,,,,,,,26-May-2019 - 00:00,"Chhatrapati Shivaji Intl. Airport (T2), Mumbai - MPCB"
26-May-2019 - 00:00,,,,,,,,,,,,,,,,,,,27-May-2019 - 00:00,"Chhatrapati Shivaji Intl. Airport (T2), Mumbai - MPCB"
27-May-2019 - 00:00,,,,,,,,,,,,,,,,,,,28-May-2019 - 00:00,"Chhatrapati Shivaji Intl. Airport (T2), Mumbai - MPCB"
28-May-2019 - 00:00,,,,,,,,,,,,,,,,,,,29-May-2019 - 00:00,"Chhatrapati Shivaji Intl. Airport (T2), Mumbai - MPCB"
29-May-2019 - 00:00,,,,,,,,,,,,,,,,,,,30-May-2019 - 00:00,"Chhatrapati Shivaji Intl. Airport (T2), Mumbai - MPCB"
30-May-2019 - 00:00,,,,,,,,,,,,,,,,,,,31-May-2019 - 00:00,"Chhatrapati Shivaji Intl. Airport (T2), Mumbai - MPCB"
31-May-2019 - 00:00,,,,,,,,,,,,,,,,,,,01-Jun-2019 - 00:00,"Chhatrapati Shivaji Intl. Airport (T2), Mumbai - MPCB"
01-Jun-2019 - 00:00,,,,,,,,,,,,,,,,,,,02-Jun-2019 - 00:00,"Chhatrapati Shivaji Intl. Airport (T2), Mumbai - MPCB"
02-Jun-2019 - 00:00,,,,,,,,,,,,,,,,,,,03-Jun-2019 - 00:00,"Chhatrapati Shivaji Intl. Airport (T2), Mumbai - MPCB"
03-Jun-2019 - 00:00,,,,,,,,,,,,,,,,,,,04-Jun-2019 - 00:00,"Chhatrapati Shivaji Intl. Airport (T2), Mumbai - MPCB"
04-Jun-2019 - 00:00,14.32,63.5,15.54,34.5,50.04,9.79,4.75,0.31,11.14,5.8,5.99,19.48,33.79,62.93,,,1.31,300.06,05-Jun-2019 - 00:00,"Chhatrapati Shivaji Intl. Airport (T2), Mumbai - MPCB"
05-Jun-2019 - 00:00,,,,,,,,,,,,,,,,,,,06-Jun-2019 - 00:00,"Chhatrapati Shivaji Intl. Airport (T2), Mumbai - MPCB"
06-Jun-2019 - 00:00,14.96,60.31,22.39,39.58,61.98,15.58,5.34,0.38,12.84,4.99,5.97,20.92,32.64,67.76,,,1.06,292.52,07-Jun-2019 - 00:00,"Chhatrapati Shivaji Intl. Airport (T2), Mumbai - MPCB"
07-Jun-2019 - 00:00,13.36,59.94,24.88,38.3,63.18,18.68,5.99,0.36,11.05,6.23,6.13,20.11,32.02,71.15,,,0.93,286.43,08-Jun-2019 - 00:00,"Chhatrapati Shivaji Intl. Airport (T2), Mumbai - MPCB"
08-Jun-2019 - 00:00,15.54,84.52,23.31,38.45,61.76,11.72,7.6,0.42,11.46,5.39,5.94,19.71,32.31,71.76,,,0.99,284.26,09-Jun-2019 - 00:00,"Chhatrapati Shivaji Intl. Airport (T2), Mumbai - MPCB"
09-Jun-2019 - 00:00,15.31,69.01,20.83,23.74,44.57,6.83,7.14,0.3,15.56,3.77,5.72,20.24,32.15,72.13,,,1.16,251.89,10-Jun-2019 - 00:00,"Chhatrapati Shivaji Intl. Airport (T2), Mumbai - MPCB"
10-Jun-2019 - 00:00,18.01,61.99,36.85,29.76,66.61,14.53,7.27,0.48,21.38,4.1,5.58,19.09,30.78,75.59,998.56,0.03,1.45,219.21,11-Jun-2019 - 00:00,"Chhatrapati Shivaji Intl. Airport (T2), Mumbai - MPCB"
11-Jun-2019 - 00:00,20.04,58.82,52.38,20.5,72.87,15.58,7.25,0.66,36.88,4.25,5.86,19.73,30.19,77.59,996.4,,1.19,205.54,12-Jun-2019 - 00:00,"Chhatrapati Shivaji Intl. Airport (T2), Mumbai - MPCB"
12-Jun-2019 - 00:00,18.41,60.85,28.21,18.37,46.53,12.38,7.8,0.39,20.11,1.78,3.91,12.72,28.64,79.07,997.12,,3.38,137.68,13-Jun-2019 - 00:00,"Chhatrapati Shivaji Intl. Airport (T2), Mumbai - MPCB"
13-Jun-2019 - 00:00,17.73,80.97,25.61,22.93,48.55,13.19,8.75,0.24,13.66,0.91,4.68,29.7,28.93,81.12,,,3.42,142.05,14-Jun-2019 - 00:00,"Chhatrapati Shivaji Intl. Airport (T2), Mumbai - MPCB"
14-Jun-2019 - 00:00,18.05,57.21,27.66,31.44,59.11,15.5,6.92,0.36,11.86,1.38,6.41,46.83,28.54,85.26,,,2.69,156.79,15-Jun-2019 - 00:00,"Chhatrapati Shivaji Intl. Airport (T2), Mumbai - MPCB"
15-Jun-2019 - 00:00,16.75,48.35,26.95,29.46,56.39,17.73,6.51,0.4,11.42,1.49,7.11,46.54,28.74,86.86,,,2.53,149.07,16-Jun-2019 - 00:00,"Chhatrapati Shivaji Intl. Airport (T2), Mumbai - MPCB"
16-Jun-2019 - 00:00,15.08,58.39,20.15,22.16,42.3,6.69,7.09,0.32,16.02,1.41,8.34,53.49,30.1,79.93,,,1.91,164.75,17-Jun-2019 - 00:00,"Chhatrapati Shivaji Intl. Airport (T2), Mumbai - MPCB"
17-Jun-2019 - 00:00,14.61,59.44,16.0,18.07,34.07,5.85,7.36,0.29,16.6,1.36,7.93,52.08,30.28,78.48,,0.02,1.78,183.46,18-Jun-2019 - 00:00,"Chhatrapati Shivaji Intl. Airport (T2), Mumbai - MPCB"
18-Jun-2019 - 00:00,15.68,54.09,21.58,26.5,48.08,6.43,7.6,0.4,14.12,1.59,6.62,39.9,28.66,83.7,,,1.34,206.62,19-Jun-2019 - 00:00,"Chhatrapati Shivaji Intl. Airport (T2), Mumbai - MPCB"
19-Jun-2019 - 00:00,18.28,58.87,23.05,39.33,62.39,12.19,8.33,0.48,9.24,3.43,8.1,47.34,28.92,84.46,,,0.95,240.02,20-Jun-2019 - 00:00,"Chhatrapati Shivaji Intl. Airport (T2), Mumbai - MPCB"
20-Jun-2019 - 00:00,21.07,96.02,19.11,45.62,64.73,8.24,9.03,0.44,8.59,3.21,7.94,46.88,31.03,75.03,,,0.88,286.98,21-Jun-2019 - 00:00,"Chhatrapati Shivaji Intl. Airport (T2), Mumbai - MPCB"
21-Jun-2019 - 00:00,20.27,83.51,20.19,37.44,57.63,6.05,8.93,0.41,9.41,2.68,7.54,44.82,31.13,73.6,,,0.96,268.41,22-Jun-2019 - 00:00,"Chhatrapati Shivaji Intl. Airport (T2), Mumbai - MPCB"
22-Jun-2019 - 00:00,23.71,110.94,22.59,44.96,67.55,8.38,9.23,0.45,9.44,2.54,7.2,43.17,31.14,72.38,,0.01,0.91,294.0,23-Jun-2019 - 00:00,"Chhatrapati Shivaji Intl. Airport (T2), Mumbai - MPCB"
23-Jun-2019 - 00:00,22.3,98.12,20.46,37.12,57.57,6.26,9.18,0.39,9.06,2.33,7.06,41.7,31.22,71.95,,,0.93,305.28,24-Jun-2019 - 00:00,"Chhatrapati Shivaji Intl. Airport (T2), Mumbai - MPCB"
24-Jun-2019 - 00:00,23.95,85.16,24.41,37.69,62.11,7.23,9.38,0.57,8.28,2.84,7.46,41.69,29.56,77.6,,,0.93,223.16,25-Jun-2019 - 00:00,"Chhatrapati Shivaji Intl. Airport (T2), Mumbai - MPCB"
25-Jun-2019 - 00:00,19.93,54.59,22.36,29.97,52.07,22.09,9.32,0.43,11.16,3.3,7.26,41.45,29.97,77.65,,0.12,1.13,209.48,26-Jun-2019 - 00:00,"Chhatrapati Shivaji Intl. Airport (T2), Mumbai - MPCB"
26-Jun-2019 - 00:00,15.34,42.78,20.86,28.43,49.29,20.38,9.08,0.44,10.97,2.26,6.61,38.71,30.14,77.31,,,1.14,207.5,27-Jun-2019 - 00:00,"Chhatrapati Shivaji Intl. Airport (T2), Mumbai - MPCB"
27-Jun-2019 - 00:00,9.71,24.52,23.04,30.67,53.71,11.79,9.2,0.46,10.51,1.88,6.44,37.06,29.08,82.83,,,1.29,207.94,28-Jun-2019 - 00:00,"Chhatrapati Shivaji Intl. Airport (T2), Mumbai - MPCB"
28-Jun-2019 - 00:00,6.43,21.46,22.26,25.03,47.29,7.04,8.61,0.37,11.87,2.95,6.57,34.84,27.66,88.3,,,1.56,236.47,29-Jun-2019 - 00:00,"Chhatrapati Shivaji Intl. Airport (T2), Mumbai - MPCB"
29-Jun-2019 - 00:00,,,,,,,,,,,,,,,,,,,30-Jun-2019 - 00:00,"Chhatrapati Shivaji Intl. Airport (T2), Mumbai - MPCB"
30-Jun-2019 - 00:00,,,,,,,,,,,,,,,,,,,01-Jul-2019 - 00:00,"Chhatrapati Shivaji Intl. Airport (T2), Mumbai - MPCB"
01-Jul-2019 - 00:00,,,,,,,,,,,,,,,,,,,02-Jul-2019 - 00:00,"Chhatrapati Shivaji Intl. Airport (T2), Mumbai - MPCB"
02-Jul-2019 - 00:00,,,,,,,,,,,,,,,,,,,03-Jul-2019 - 00:00,"Chhatrapati Shivaji Intl. Airport (T2), Mumbai - MPCB"
03-Jul-2019 - 00:00,12.0,,29.27,61.27,89.14,29.26,107.97,1.45,8.7,1.57,4.18,3.62,27.47,88.86,,0.43,0.81,208.98,04-Jul-2019 - 00:00,"Chhatrapati Shivaji Intl. Airport (T2), Mumbai - MPCB"
04-Jul-2019 - 00:00,28.22,61.7,21.75,75.19,96.73,15.88,12.53,1.17,6.95,2.53,6.72,6.34,26.84,92.57,,0.03,0.99,198.05,05-Jul-2019 - 00:00,"Chhatrapati Shivaji Intl. Airport (T2), Mumbai - MPCB"
05-Jul-2019 - 00:00,16.86,55.37,23.75,53.6,77.34,11.54,11.39,0.71,6.89,2.2,6.61,7.59,27.42,91.08,,0.02,1.53,217.28,06-Jul-2019 - 00:00,"Chhatrapati Shivaji Intl. Airport (T2), Mumbai - MPCB"
06-Jul-2019 - 00:00,11.71,46.53,21.14,23.41,44.54,5.15,10.67,0.49,11.97,1.74,3.67,5.95,27.22,91.76,999.89,0.02,1.64,223.17,07-Jul-2019 - 00:00,"Chhatrapati Shivaji Intl. Airport (T2), Mumbai - MPCB"
07-Jul-2019 - 00:00,13.34,61.06,18.03,19.03,37.06,3.43,10.12,0.45,12.27,1.53,3.6,4.94,28.75,87.39,,,1.44,243.44,08-Jul-2019 - 00:00,"Chhatrapati Shivaji Intl. Airport (T2), Mumbai - MPCB"
08-Jul-2019 - 00:00,9.45,40.2,21.29,25.78,47.08,6.67,10.25,0.53,9.93,1.47,1.99,4.72,27.09,93.5,,,1.6,214.9,09-Jul-2019 - 00:00,"Chhatrapati Shivaji Intl. Airport (T2), Mumbai - MPCB"
09-Jul-2019 - 00:00,10.0,45.71,19.26,16.26,35.52,5.95,9.26,0.35,15.55,0.91,3.44,2.9,28.55,86.65,,,1.3,221.29,10-Jul-2019 - 00:00,"Chhatrapati Shivaji Intl. Airport (T2), Mumbai - MPCB"
10-Jul-2019 - 00:00,8.25,28.7,23.26,45.52,68.78,4.92,9.82,0.45,6.8,2.05,4.84,9.5,26.42,93.55,,,1.18,274.68,11-Jul-2019 - 00:00,"Chhatrapati Shivaji Intl. Airport (T2), Mumbai - MPCB"
11-Jul-2019 - 00:00,9.69,46.41,16.21,32.45,48.66,5.81,8.84,0.3,5.71,6.24,8.81,28.32,28.45,87.43,,,1.25,250.47,12-Jul-2019 - 00:00,"Chhatrapati Shivaji Intl. Airport (T2), Mumbai - MPCB"
12-Jul-2019 - 00:00,10.04,46.85,17.83,22.45,40.26,4.34,9.42,0.24,9.76,3.42,7.36,22.18,28.63,85.46,,0.11,1.18,223.66,13-Jul-2019 - 00:00,"Chhatrapati Shivaji Intl. Airport (T2), Mumbai - MPCB"
13-Jul-2019 - 00:00,8.96,45.73,17.97,31.44,49.41,5.72,9.44,0.29,4.98,4.63,7.72,23.02,28.23,87.31,,,0.98,248.94,14-Jul-2019 - 00:00,"Chhatrapati Shivaji Intl. Airport (T2), Mumbai - MPCB"
14-Jul-2019 - 00:00,8.96,43.48,16.46,35.51,51.96,4.17,9.89,0.29,7.46,5.21,8.49,24.87,29.02,84.25,,,0.99,275.37,15-Jul-2019 - 00:00,"Chhatrapati Shivaji Intl. Airport (T2), Mumbai - MPCB"
15-Jul-2019 - 00:00,10.54,59.74,14.85,32.84,47.69,7.5,10.32,0.3,7.33,7.14,9.83,29.45,29.59,81.61,,,1.03,260.0,16-Jul-2019 - 00:00,"Chhatrapati Shivaji Intl. Airport (T2), Mumbai - MPCB"
16-Jul-2019 - 00:00,11.46,53.93,15.07,42.06,57.13,6.63,10.21,0.35,5.66,5.51,8.73,25.89,28.85,84.71,,,0.92,269.51,17-Jul-2019 - 00:00,"Chhatrapati Shivaji Intl. Airport (T2), Mumbai - MPCB"
17-Jul-2019 - 00:00,14.92,63.6,15.89,40.76,56.65,8.69,10.78,0.38,5.65,8.9,10.83,27.91,29.61,80.78,,0.15,0.91,252.86,18-Jul-2019 - 00:00,"Chhatrapati Shivaji Intl. Airport (T2), Mumbai - MPCB"
18-Jul-2019 - 00:00,14.42,68.1,20.38,40.94,61.33,7.41,10.72,0.38,7.39,7.2,9.8,27.82,29.94,78.47,,,0.9,272.13,19-Jul-2019 - 00:00,"Chhatrapati Shivaji Intl. Airport (T2), Mumbai - MPCB"
19-Jul-2019 - 00:00,22.46,94.66,19.69,52.8,72.47,11.72,11.68,0.45,6.58,6.71,11.57,33.96,30.51,75.72,,,0.83,250.13,20-Jul-2019 - 00:00,"Chhatrapati Shivaji Intl. Airport (T2), Mumbai - MPCB"
20-Jul-2019 - 00:00,25.38,75.7,26.77,45.19,71.96,10.8,11.58,0.7,7.7,9.94,15.21,43.94,29.02,82.72,,,0.93,209.46,21-Jul-2019 - 00:00,"Chhatrapati Shivaji Intl. Airport (T2), Mumbai - MPCB"
21-Jul-2019 - 00:00,28.42,65.79,33.4,37.94,71.35,5.49,11.77,0.71,12.58,7.37,12.42,35.09,29.96,79.25,999.67,,0.78,234.66,22-Jul-2019 - 00:00,"Chhatrapati Shivaji Intl. Airport (T2), Mumbai - MPCB"
22-Jul-2019 - 00:00,11.96,34.93,27.29,23.35,50.62,7.4,10.88,0.44,18.01,5.15,9.11,26.94,29.4,81.15,998.96,,1.35,203.56,23-Jul-2019 - 00:00,"Chhatrapati Shivaji Intl. Airport (T2), Mumbai - MPCB"
23-Jul-2019 - 00:00,5.79,28.53,28.36,30.23,58.58,7.23,10.15,0.4,12.38,4.12,7.64,22.98,29.2,82.75,999.57,,1.64,197.14,24-Jul-2019 - 00:00,"Chhatrapati Shivaji Intl. Airport (T2), Mumbai - MPCB"
24-Jul-2019 - 00:00,7.67,22.22,26.69,36.74,63.39,3.44,9.34,0.48,7.91,3.96,6.07,17.35,26.21,95.86,,,2.71,172.7,25-Jul-2019 - 00:00,"Chhatrapati Shivaji Intl. Airport (T2), Mumbai - MPCB"
25-Jul-2019 - 00:00,13.37,43.38,25.72,47.63,73.33,5.73,10.43,0.52,6.48,9.12,10.43,23.07,26.89,93.0,,,1.06,260.85,26-Jul-2019 - 00:00,"Chhatrapati Shivaji Intl. Airport (T2), Mumbai - MPCB"
26-Jul-2019 - 00:00,12.21,43.52,14.56,39.55,53.37,6.36,10.65,0.4,6.42,10.95,12.68,21.24,27.11,91.72,,0.01,1.58,262.6,27-Jul-2019 - 00:00,"Chhatrapati Shivaji Intl. Airport (T2), Mumbai - MPCB"
27-Jul-2019 - 00:00,11.63,46.17,1.18,50.29,45.65,18.04,8.85,0.38,6.75,1.28,5.82,17.98,26.58,93.89,,0.01,1.54,273.96,28-Jul-2019 - 00:00,"Chhatrapati Shivaji Intl. Airport (T2), Mumbai - MPCB"
28-Jul-2019 - 00:00,14.83,59.27,1.94,19.22,15.28,39.21,9.85,0.35,8.45,1.22,7.2,24.01,28.14,86.8,,,1.1,297.39,29-Jul-2019 - 00:00,"Chhatrapati Shivaji Intl. Airport (T2), Mumbai - MPCB"
29-Jul-2019 - 00:00,12.87,53.2,2.49,22.8,15.82,36.8,10.09,0.45,6.25,1.05,5.97,20.63,27.14,90.23,,,1.23,308.99,30-Jul-2019 - 00:00,"Chhatrapati Shivaji Intl. Airport (T2), Mumbai - MPCB"
30-Jul-2019 - 00:00,7.89,31.73,4.31,42.44,17.94,35.13,9.15,0.39,6.68,2.47,8.1,29.08,25.74,95.23,,,1.77,261.64,31-Jul-2019 - 00:00,"Chhatrapati Shivaji Intl. Airport (T2), Mumbai - MPCB"
31-Jul-2019 - 00:00,8.3,32.56,1.33,8.44,5.71,43.25,9.07,0.41,4.04,2.74,8.09,27.2,27.32,89.4,,,1.16,278.03,01-Aug-2019 - 00:00,"Chhatrapati Shivaji Intl. Airport (T2), Mumbai - MPCB"
01-Aug-2019 - 00:00,7.46,38.5,2.57,22.76,18.25,32.04,9.51,0.32,6.53,1.25,5.42,18.26,27.9,87.44,,0.07,1.29,273.9,02-Aug-2019 - 00:00,"Chhatrapati Shivaji Intl. Airport (T2), Mumbai - MPCB"
02-Aug-2019 - 00:00,6.54,27.78,1.03,18.16,16.49,29.46,8.7,0.29,5.98,0.0,0.0,0.0,25.7,95.62,,0.01,1.91,247.5,03-Aug-2019 - 00:00,"Chhatrapati Shivaji Intl. Airport (T2), Mumbai - MPCB"
03-Aug-2019 - 00:00,4.29,24.79,0.89,8.68,6.96,24.46,8.57,0.26,8.96,0.0,0.0,0.0,25.51,96.24,,,2.0,250.98,04-Aug-2019 - 00:00,"Chhatrapati Shivaji Intl. Airport (T2), Mumbai - MPCB"
04-Aug-2019 - 00:00,6.38,,0.31,15.06,11.17,22.46,8.99,0.3,8.21,0.0,0.0,0.0,25.71,97.96,,,2.04,228.01,05-Aug-2019 - 00:00,"Chhatrapati Shivaji Intl. Airport (T2), Mumbai - MPCB"
05-Aug-2019 - 00:00,9.13,56.77,0.28,28.81,26.39,25.81,9.47,0.33,6.11,0.0,0.0,0.0,27.16,91.52,,0.01,1.37,255.3,06-Aug-2019 - 00:00,"Chhatrapati Shivaji Intl. Airport (T2), Mumbai - MPCB"
06-Aug-2019 - 00:00,8.79,43.31,0.15,47.67,44.34,26.0,9.6,0.35,4.4,0.0,0.0,0.0,27.23,90.0,,,1.15,272.83,07-Aug-2019 - 00:00,"Chhatrapati Shivaji Intl. Airport (T2), Mumbai - MPCB"
07-Aug-2019 - 00:00,13.33,55.61,0.44,38.61,35.55,24.32,9.3,0.32,4.71,0.0,0.0,0.01,27.51,89.11,,,1.13,279.76,08-Aug-2019 - 00:00,"Chhatrapati Shivaji Intl. Airport (T2), Mumbai - MPCB"
08-Aug-2019 - 00:00,20.86,86.16,0.41,49.12,47.42,21.6,9.73,0.31,6.29,0.0,0.0,0.0,27.81,88.15,,,1.2,266.47,09-Aug-2019 - 00:00,"Chhatrapati Shivaji Intl. Airport (T2), Mumbai - MPCB"
09-Aug-2019 - 00:00,18.09,70.01,0.8,25.31,24.92,24.02,9.2,0.29,7.8,0.0,0.0,0.0,27.59,88.57,,0.02,1.5,241.77,10-Aug-2019 - 00:00,"Chhatrapati Shivaji Intl. Airport (T2), Mumbai - MPCB"
10-Aug-2019 - 00:00,17.92,69.63,0.43,1.58,0.43,23.57,8.26,0.22,10.39,0.0,0.0,0.0,28.25,84.5,,0.08,1.65,225.55,11-Aug-2019 - 00:00,"Chhatrapati Shivaji Intl. Airport (T2), Mumbai - MPCB"
11-Aug-2019 - 00:00,13.88,64.58,0.67,8.68,2.49,20.26,8.24,0.2,11.72,0.0,0.0,0.0,28.23,84.12,,,1.36,230.52,12-Aug-2019 - 00:00,"Chhatrapati Shivaji Intl. Airport (T2), Mumbai - MPCB"
12-Aug-2019 - 00:00,13.21,63.13,4.37,33.15,33.51,19.03,6.82,0.33,7.94,0.0,0.0,0.0,28.45,84.3,,,1.01,259.55,13-Aug-2019 - 00:00,"Chhatrapati Shivaji Intl. Airport (T2), Mumbai - MPCB"
13-Aug-2019 - 00:00,13.44,58.74,17.75,72.99,79.38,10.95,4.4,0.62,3.49,0.01,0.06,0.21,28.23,86.0,,0.13,0.84,276.75,14-Aug-2019 - 00:00,"Chhatrapati Shivaji Intl. Airport (T2), Mumbai - MPCB"
14-Aug-2019 - 00:00,17.04,74.41,18.51,60.49,78.99,9.17,3.04,0.68,4.4,0.04,0.24,0.75,28.05,86.6,,,0.77,279.59,15-Aug-2019 - 00:00,"Chhatrapati Shivaji Intl. Airport (T2), Mumbai - MPCB"
15-Aug-2019 - 00:00,13.04,52.19,17.03,39.81,56.61,8.53,5.22,0.56,7.9,0.0,0.0,0.0,27.85,86.9,,,0.93,281.96,16-Aug-2019 - 00:00,"Chhatrapati Shivaji Intl. Airport (T2), Mumbai - MPCB"
16-Aug-2019 - 00:00,12.0,51.12,19.61,25.72,45.33,5.04,5.6,0.44,10.24,0.0,0.0,0.0,28.31,83.98,,,1.14,254.67,17-Aug-2019 - 00:00,"Chhatrapati Shivaji Intl. Airport (T2), Mumbai - MPCB"
17-Aug-2019 - 00:00,12.42,56.47,19.52,19.13,38.65,2.52,5.29,0.36,15.16,0.0,0.0,0.0,28.62,80.09,,,1.21,226.08,18-Aug-2019 - 00:00,"Chhatrapati Shivaji Intl. Airport (T2), Mumbai - MPCB"
18-Aug-2019 - 00:00,12.71,56.05,20.45,29.07,49.5,2.33,5.64,0.45,10.68,0.0,0.0,0.0,28.83,79.94,,,0.91,254.47,19-Aug-2019 - 00:00,"Chhatrapati Shivaji Intl. Airport (T2), Mumbai - MPCB"
19-Aug-2019 - 00:00,13.08,55.42,18.61,47.61,66.06,4.81,6.26,0.57,8.56,0.0,0.0,0.0,28.64,80.8,,0.18,0.84,266.36,20-Aug-2019 - 00:00,"Chhatrapati Shivaji Intl. Airport (T2), Mumbai - MPCB"
20-Aug-2019 - 00:00,15.5,79.93,15.96,73.51,89.39,7.28,7.05,0.76,7.16,0.0,0.0,0.0,29.53,75.76,,,0.77,286.3,21-Aug-2019 - 00:00,"Chhatrapati Shivaji Intl. Airport (T2), Mumbai - MPCB"
21-Aug-2019 - 00:00,13.0,62.8,18.31,55.35,73.62,7.18,5.98,0.66,6.87,0.0,0.0,0.0,28.63,81.66,,0.01,0.84,289.3,22-Aug-2019 - 00:00,"Chhatrapati Shivaji Intl. Airport (T2), Mumbai - MPCB"
22-Aug-2019 - 00:00,14.12,66.15,16.79,55.85,72.42,7.28,6.61,0.65,7.23,0.0,0.0,0.0,29.0,78.71,,,0.83,295.76,23-Aug-2019 - 00:00,"Chhatrapati Shivaji Intl. Airport (T2), Mumbai - MPCB"
23-Aug-2019 - 00:00,16.91,60.53,19.69,44.66,64.29,7.17,6.3,0.61,8.32,0.22,1.59,5.23,29.26,78.02,,0.08,0.94,239.47,24-Aug-2019 - 00:00,"Chhatrapati Shivaji Intl. Airport (T2), Mumbai - MPCB"
24-Aug-2019 - 00:00,12.29,49.3,21.01,30.32,51.32,3.6,5.64,0.5,10.97,0.92,5.43,17.86,28.92,77.96,,0.01,0.94,258.25,25-Aug-2019 - 00:00,"Chhatrapati Shivaji Intl. Airport (T2), Mumbai - MPCB"
25-Aug-2019 - 00:00,13.12,47.52,22.97,41.08,64.04,3.11,6.25,0.65,8.93,0.93,6.26,21.92,27.66,82.89,,,0.79,231.24,26-Aug-2019 - 00:00,"Chhatrapati Shivaji Intl. Airport (T2), Mumbai - MPCB"
26-Aug-2019 - 00:00,17.29,59.68,21.08,42.73,63.8,9.75,6.46,0.61,9.47,1.07,5.26,18.64,28.37,79.47,,,1.02,201.22,27-Aug-2019 - 00:00,"Chhatrapati Shivaji Intl. Airport (T2), Mumbai - MPCB"
27-Aug-2019 - 00:00,15.58,58.54,20.69,35.6,56.28,6.66,5.46,0.54,12.18,0.53,2.82,10.8,29.0,76.09,,,1.1,214.49,28-Aug-2019 - 00:00,"Chhatrapati Shivaji Intl. Airport (T2), Mumbai - MPCB"
28-Aug-2019 - 00:00,15.62,51.1,20.51,37.12,57.64,6.86,5.48,0.59,12.73,0.52,2.66,9.39,28.6,80.54,,0.06,1.46,167.39,29-Aug-2019 - 00:00,"Chhatrapati Shivaji Intl. Airport (T2), Mumbai - MPCB"
29-Aug-2019 - 00:00,15.75,51.12,19.67,42.9,62.52,11.29,6.27,0.62,10.33,0.58,2.92,10.69,29.05,81.24,,,1.04,197.53,30-Aug-2019 - 00:00,"Chhatrapati Shivaji Intl. Airport (T2), Mumbai - MPCB"
30-Aug-2019 - 00:00,14.62,39.99,20.6,57.15,77.73,9.66,6.89,0.73,6.62,0.53,3.22,12.45,28.14,86.89,,,1.0,230.94,31-Aug-2019 - 00:00,"Chhatrapati Shivaji Intl. Airport (T2), Mumbai - MPCB"
31-Aug-2019 - 00:00,11.79,39.85,24.09,41.3,65.39,5.37,5.78,0.61,6.72,0.89,3.49,13.23,27.64,87.86,,,0.92,252.6,01-Sep-2019 - 00:00,"Chhatrapati Shivaji Intl. Airport (T2), Mumbai - MPCB"
01-Sep-2019 - 00:00,10.91,31.66,24.69,45.43,70.06,3.12,5.9,0.79,8.09,1.11,3.81,13.5,26.34,91.61,,,0.9,251.21,02-Sep-2019 - 00:00,"Chhatrapati Shivaji Intl. Airport (T2), Mumbai - MPCB"
02-Sep-2019 - 00:00,14.62,44.19,19.96,44.49,64.11,3.76,6.05,0.73,9.51,0.72,3.36,12.54,27.69,87.13,,,1.11,204.03,03-Sep-2019 - 00:00,"Chhatrapati Shivaji Intl. Airport (T2), Mumbai - MPCB"
03-Sep-2019 - 00:00,7.21,17.25,23.48,42.62,66.1,2.36,6.02,0.66,7.65,0.75,3.33,11.86,25.91,95.39,,,3.63,221.37,04-Sep-2019 - 00:00,"Chhatrapati Shivaji Intl. Airport (T2), Mumbai - MPCB"
04-Sep-2019 - 00:00,8.62,20.9,27.69,38.55,66.19,0.87,6.6,0.68,7.31,0.53,3.36,11.92,24.87,98.79,,,3.41,193.56,05-Sep-2019 - 00:00,"Chhatrapati Shivaji Intl. Airport (T2), Mumbai - MPCB"
05-Sep-2019 - 00:00,6.17,16.88,23.01,40.07,62.96,2.02,6.83,0.68,9.74,0.53,3.07,10.96,26.49,93.55,,,1.14,267.52,06-Sep-2019 - 00:00,"Chhatrapati Shivaji Intl. Airport (T2), Mumbai - MPCB"
06-Sep-2019 - 00:00,6.92,25.59,24.54,27.41,51.95,1.51,5.19,0.52,10.27,0.58,2.84,9.59,26.67,91.63,,,1.2,234.71,07-Sep-2019 - 00:00,"Chhatrapati Shivaji Intl. Airport (T2), Mumbai - MPCB"
07-Sep-2019 - 00:00,10.37,30.07,27.35,26.64,53.99,1.02,5.07,0.57,10.58,0.32,2.42,7.68,26.28,93.73,,,1.25,207.56,08-Sep-2019 - 00:00,"Chhatrapati Shivaji Intl. Airport (T2), Mumbai - MPCB"
08-Sep-2019 - 00:00,9.08,23.41,30.92,25.7,56.62,0.54,5.57,0.59,15.95,0.36,2.77,9.29,25.95,95.12,,,1.08,242.9,09-Sep-2019 - 00:00,"Chhatrapati Shivaji Intl. Airport (T2), Mumbai - MPCB"
09-Sep-2019 - 00:00,12.62,41.86,27.74,38.03,65.77,0.63,6.02,0.69,8.48,0.54,2.89,10.03,26.35,94.03,,,1.19,229.26,10-Sep-2019 - 00:00,"Chhatrapati Shivaji Intl. Airport (T2), Mumbai - MPCB"
10-Sep-2019 - 00:00,13.62,48.37,26.76,28.7,55.46,1.42,4.88,0.55,11.07,0.75,3.06,11.11,27.48,87.73,,,0.99,234.09,11-Sep-2019 - 00:00,"Chhatrapati Shivaji Intl. Airport (T2), Mumbai - MPCB"
11-Sep-2019 - 00:00,17.95,48.02,22.67,52.89,75.56,4.07,5.84,0.84,9.0,0.69,3.09,11.14,26.68,89.91,,0.03,0.88,224.43,12-Sep-2019 - 00:00,"Chhatrapati Shivaji Intl. Airport (T2), Mumbai - MPCB"
12-Sep-2019 - 00:00,11.3,41.71,21.81,33.06,54.87,4.32,5.64,0.53,9.42,0.42,2.82,10.34,27.09,89.68,,,0.95,245.97,13-Sep-2019 - 00:00,"Chhatrapati Shivaji Intl. Airport (T2), Mumbai - MPCB"
13-Sep-2019 - 00:00,15.12,39.18,21.99,61.5,83.46,2.98,6.83,0.86,7.01,0.5,3.14,11.45,26.54,92.17,,,0.83,253.36,14-Sep-2019 - 00:00,"Chhatrapati Shivaji Intl. Airport (T2), Mumbai - MPCB"
14-Sep-2019 - 00:00,13.54,53.68,18.62,49.73,68.35,3.5,6.43,0.7,7.32,0.43,2.95,11.54,28.17,88.17,,,0.9,287.54,15-Sep-2019 - 00:00,"Chhatrapati Shivaji Intl. Airport (T2), Mumbai - MPCB"
15-Sep-2019 - 00:00,16.99,45.34,27.3,54.52,81.82,2.65,5.92,1.08,12.24,0.72,3.24,12.32,26.05,90.35,,,0.79,247.06,16-Sep-2019 - 00:00,"Chhatrapati Shivaji Intl. Airport (T2), Mumbai - MPCB"
16-Sep-2019 - 00:00,16.46,56.27,14.82,89.05,103.56,5.51,7.16,1.05,4.37,0.84,3.28,12.83,27.56,89.13,,0.04,0.74,293.53,17-Sep-2019 - 00:00,"Chhatrapati Shivaji Intl. Airport (T2), Mumbai - MPCB"
17-Sep-2019 - 00:00,19.08,51.84,14.69,72.96,87.33,3.86,5.58,0.97,4.88,0.33,2.81,11.47,27.13,91.09,,,0.76,253.88,18-Sep-2019 - 00:00,"Chhatrapati Shivaji Intl. Airport (T2), Mumbai - MPCB"
18-Sep-2019 - 00:00,25.1,53.06,23.91,84.02,107.62,3.2,2.94,0.98,8.0,0.5,3.22,12.56,26.3,95.36,,,1.1,196.21,19-Sep-2019 - 00:00,"Chhatrapati Shivaji Intl. Airport (T2), Mumbai - MPCB"
19-Sep-2019 - 00:00,27.29,45.03,52.1,36.99,89.08,4.71,1.44,0.8,23.09,0.56,3.13,12.07,26.87,89.03,,0.03,1.1,189.63,20-Sep-2019 - 00:00,"Chhatrapati Shivaji Intl. Airport (T2), Mumbai - MPCB"
20-Sep-2019 - 00:00,19.82,37.7,33.35,41.02,74.37,6.63,0.9,0.58,14.62,0.44,2.83,10.15,26.18,93.45,,,1.99,144.1,21-Sep-2019 - 00:00,"Chhatrapati Shivaji Intl. Airport (T2), Mumbai - MPCB"
21-Sep-2019 - 00:00,13.79,42.34,23.9,34.4,58.29,5.89,0.75,0.38,18.18,0.24,2.05,6.76,28.28,79.93,,,3.21,137.24,22-Sep-2019 - 00:00,"Chhatrapati Shivaji Intl. Airport (T2), Mumbai - MPCB"
22-Sep-2019 - 00:00,18.17,56.56,26.81,36.04,62.83,4.51,0.74,0.42,16.33,0.25,2.15,7.09,28.68,78.38,,,2.33,145.02,23-Sep-2019 - 00:00,"Chhatrapati Shivaji Intl. Airport (T2), Mumbai - MPCB"
23-Sep-2019 - 00:00,20.63,80.15,19.93,53.08,72.96,7.91,1.4,0.56,11.71,0.37,2.71,10.17,29.21,78.53,,0.01,1.01,212.09,24-Sep-2019 - 00:00,"Chhatrapati Shivaji Intl. Airport (T2), Mumbai - MPCB"
24-Sep-2019 - 00:00,21.69,112.93,21.43,60.25,81.45,8.01,2.55,0.75,9.48,0.3,2.3,9.36,29.79,78.68,,0.34,0.95,263.42,25-Sep-2019 - 00:00,"Chhatrapati Shivaji Intl. Airport (T2), Mumbai - MPCB"
25-Sep-2019 - 00:00,24.41,57.46,30.01,66.92,96.94,13.34,4.08,0.93,6.45,0.53,2.64,11.16,27.47,89.78,,,0.9,221.58,26-Sep-2019 - 00:00,"Chhatrapati Shivaji Intl. Airport (T2), Mumbai - MPCB"
26-Sep-2019 - 00:00,21.71,54.7,25.26,73.92,99.18,30.49,3.97,0.7,7.18,0.81,2.72,10.76,28.17,83.82,,,1.4,159.92,27-Sep-2019 - 00:00,"Chhatrapati Shivaji Intl. Airport (T2), Mumbai - MPCB"
27-Sep-2019 - 00:00,12.07,34.34,22.3,49.06,71.36,25.94,4.29,0.49,6.29,0.87,4.38,14.24,27.34,84.14,,,2.21,148.91,28-Sep-2019 - 00:00,"Chhatrapati Shivaji Intl. Airport (T2), Mumbai - MPCB"
28-Sep-2019 - 00:00,13.16,43.78,20.59,67.01,87.6,22.85,3.71,0.49,5.59,2.09,7.45,24.44,28.1,81.18,,,1.87,151.94,29-Sep-2019 - 00:00,"Chhatrapati Shivaji Intl. Airport (T2), Mumbai - MPCB"
29-Sep-2019 - 00:00,15.93,49.7,19.25,71.3,90.55,19.43,3.43,0.47,5.71,1.77,7.77,25.05,28.78,78.91,,,1.87,153.74,30-Sep-2019 - 00:00,"Chhatrapati Shivaji Intl. Airport (T2), Mumbai - MPCB"
30-Sep-2019 - 00:00,11.68,30.87,16.85,76.87,93.72,20.59,3.75,0.47,5.12,1.55,8.34,28.45,28.4,83.29,,0.17,1.19,196.2,01-Oct-2019 - 00:00,"Chhatrapati Shivaji Intl. Airport (T2), Mumbai - MPCB"
01-Oct-2019 - 00:00,12.55,47.82,16.72,90.3,107.02,19.24,3.93,0.5,5.12,0.99,10.38,39.25,29.41,77.02,,,0.75,261.93,02-Oct-2019 - 00:00,"Chhatrapati Shivaji Intl. Airport (T2), Mumbai - MPCB"
02-Oct-2019 - 00:00,22.07,87.44,19.49,101.36,120.85,19.43,4.55,0.7,5.45,0.85,10.42,41.29,29.37,77.43,,,0.72,230.14,03-Oct-2019 - 00:00,"Chhatrapati Shivaji Intl. Airport (T2), Mumbai - MPCB"
03-Oct-2019 - 00:00,22.92,85.05,20.28,91.23,111.51,20.12,4.54,0.84,5.29,0.87,10.43,41.33,28.91,80.65,,,0.75,233.17,04-Oct-2019 - 00:00,"Chhatrapati Shivaji Intl. Airport (T2), Mumbai - MPCB"
04-Oct-2019 - 00:00,34.58,106.87,23.94,96.01,119.95,21.06,4.53,0.94,6.49,0.81,10.5,42.39,29.3,79.25,,,0.8,222.22,05-Oct-2019 - 00:00,"Chhatrapati Shivaji Intl. Airport (T2), Mumbai - MPCB"
05-Oct-2019 - 00:00,35.85,104.58,25.69,87.71,113.41,18.17,4.5,0.79,9.94,0.85,11.25,43.54,29.16,74.16,,,0.89,201.01,06-Oct-2019 - 00:00,"Chhatrapati Shivaji Intl. Airport (T2), Mumbai - MPCB"
06-Oct-2019 - 00:00,42.82,99.17,30.97,77.28,108.25,16.36,5.42,0.9,21.16,0.84,11.79,44.75,29.52,72.82,,,0.84,202.35,07-Oct-2019 - 00:00,"Chhatrapati Shivaji Intl. Airport (T2), Mumbai - MPCB"
07-Oct-2019 - 00:00,54.84,122.89,32.93,68.12,101.05,15.49,3.95,0.91,19.57,0.72,10.61,43.27,30.55,71.57,,,0.9,221.07,08-Oct-2019 - 00:00,"Chhatrapati Shivaji Intl. Airport (T2), Mumbai - MPCB"
08-Oct-2019 - 00:00,67.67,134.44,40.14,40.7,80.84,14.49,4.04,0.88,22.18,0.48,8.82,37.48,29.12,77.54,,,1.27,231.46,09-Oct-2019 - 00:00,"Chhatrapati Shivaji Intl. Airport (T2), Mumbai - MPCB"
09-Oct-2019 - 00:00,29.08,66.83,30.76,67.66,98.42,16.71,4.01,0.73,13.68,0.66,9.85,38.82,29.24,73.74,,,1.09,191.81,10-Oct-2019 - 00:00,"Chhatrapati Shivaji Intl. Airport (T2), Mumbai - MPCB"
10-Oct-2019 - 00:00,49.86,117.06,34.66,78.59,113.24,17.01,5.03,0.99,15.81,0.86,11.51,44.62,29.99,72.0,,,0.89,191.68,11-Oct-2019 - 00:00,"Chhatrapati Shivaji Intl. Airport (T2), Mumbai - MPCB"
11-Oct-2019 - 00:00,44.83,99.87,40.36,65.5,105.86,20.74,4.3,0.85,12.73,0.7,9.32,37.46,29.98,70.22,,,0.99,197.75,12-Oct-2019 - 00:00,"Chhatrapati Shivaji Intl. Airport (T2), Mumbai - MPCB"
12-Oct-2019 - 00:00,61.19,138.87,43.39,66.88,110.26,24.13,4.25,1.05,46.3,0.75,9.28,36.71,29.66,74.77,,,1.01,170.85,13-Oct-2019 - 00:00,"Chhatrapati Shivaji Intl. Airport (T2), Mumbai - MPCB"
13-Oct-2019 - 00:00,49.27,113.86,38.9,64.8,103.7,18.17,4.36,0.95,17.35,0.7,9.48,38.29,30.54,68.92,,,0.76,193.12,14-Oct-2019 - 00:00,"Chhatrapati Shivaji Intl. Airport (T2), Mumbai - MPCB"
14-Oct-2019 - 00:00,66.43,147.77,41.51,66.63,108.14,16.63,4.75,1.11,16.01,0.79,9.03,38.38,31.47,67.65,,,0.88,208.28,15-Oct-2019 - 00:00,"Chhatrapati Shivaji Intl. Airport (T2), Mumbai - MPCB"
15-Oct-2019 - 00:00,58.13,146.8,38.51,64.79,103.3,28.77,7.08,1.0,20.16,1.09,10.14,37.05,31.94,52.73,,,0.93,181.74,16-Oct-2019 - 00:00,"Chhatrapati Shivaji Intl. Airport (T2), Mumbai - MPCB"
16-Oct-2019 - 00:00,54.71,138.94,34.51,78.54,113.05,37.72,7.87,0.91,17.57,1.33,11.63,40.37,31.67,51.75,,,0.94,192.85,17-Oct-2019 - 00:00,"Chhatrapati Shivaji Intl. Airport (T2), Mumbai - MPCB"
17-Oct-2019 - 00:00,64.57,145.28,37.98,73.77,111.75,31.2,8.08,0.99,19.4,2.36,15.02,42.03,31.48,56.01,,,0.83,208.17,18-Oct-2019 - 00:00,"Chhatrapati Shivaji Intl. Airport (T2), Mumbai - MPCB"
18-Oct-2019 - 00:00,72.41,156.49,31.17,91.31,122.48,33.78,6.46,1.26,9.86,2.9,17.86,44.07,28.8,70.02,,,0.75,177.72,19-Oct-2019 - 00:00,"Chhatrapati Shivaji Intl. Airport (T2), Mumbai - MPCB"
19-Oct-2019 - 00:00,40.0,65.12,23.13,80.27,103.4,29.53,4.84,1.06,13.45,2.49,16.55,37.65,25.85,86.22,,,0.8,159.26,20-Oct-2019 - 00:00,"Chhatrapati Shivaji Intl. Airport (T2), Mumbai - MPCB"
20-Oct-2019 - 00:00,18.99,35.48,12.56,80.03,79.58,56.43,5.23,0.81,7.02,1.87,3.92,10.25,25.28,87.96,,,0.77,166.1,21-Oct-2019 - 00:00,"Chhatrapati Shivaji Intl. Airport (T2), Mumbai - MPCB"
21-Oct-2019 - 00:00,24.31,58.75,17.2,82.53,82.91,34.39,5.72,0.87,9.18,1.89,2.75,6.8,28.05,77.48,,,0.82,200.41,22-Oct-2019 - 00:00,"Chhatrapati Shivaji Intl. Airport (T2), Mumbai - MPCB"
22-Oct-2019 - 00:00,21.61,53.54,20.9,80.58,85.0,23.79,4.27,0.83,8.26,2.04,2.7,6.94,27.48,82.76,,,0.87,183.12,23-Oct-2019 - 00:00,"Chhatrapati Shivaji Intl. Airport (T2), Mumbai - MPCB"
23-Oct-2019 - 00:00,22.93,59.44,6.4,111.31,104.13,24.31,4.8,0.93,6.02,2.3,2.74,6.74,26.51,86.65,,,1.18,141.38,24-Oct-2019 - 00:00,"Chhatrapati Shivaji Intl. Airport (T2), Mumbai - MPCB"
24-Oct-2019 - 00:00,36.32,82.3,39.26,96.01,104.13,28.66,5.55,1.05,5.11,4.51,6.18,15.86,27.72,82.28,,,0.68,187.87,25-Oct-2019 - 00:00,"Chhatrapati Shivaji Intl. Airport (T2), Mumbai - MPCB"
25-Oct-2019 - 00:00,26.03,91.22,15.69,79.17,94.86,27.37,4.79,0.88,1.81,6.6,13.32,34.99,28.69,73.36,,,1.1,147.76,26-Oct-2019 - 00:00,"Chhatrapati Shivaji Intl. Airport (T2), Mumbai - MPCB"
26-Oct-2019 - 00:00,34.04,92.12,13.8,87.19,100.99,24.05,4.88,0.92,3.57,6.23,12.82,32.91,27.66,78.17,,,1.16,151.13,27-Oct-2019 - 00:00,"Chhatrapati Shivaji Intl. Airport (T2), Mumbai - MPCB"
27-Oct-2019 - 00:00,63.49,126.56,14.56,115.03,129.59,23.33,4.8,0.87,5.03,8.67,14.78,36.99,28.9,73.34,,,1.32,153.64,28-Oct-2019 - 00:00,"Chhatrapati Shivaji Intl. Airport (T2), Mumbai - MPCB"
28-Oct-2019 - 00:00,42.71,92.52,22.98,73.03,96.01,23.06,4.45,0.64,8.55,5.73,11.34,29.1,29.82,68.13,,,0.83,206.78,29-Oct-2019 - 00:00,"Chhatrapati Shivaji Intl. Airport (T2), Mumbai - MPCB"
29-Oct-2019 - 00:00,63.62,130.41,52.16,65.08,117.25,21.69,3.83,0.89,15.16,7.08,12.22,31.8,30.16,71.43,,,0.83,210.33,30-Oct-2019 - 00:00,"Chhatrapati Shivaji Intl. Airport (T2), Mumbai - MPCB"
30-Oct-2019 - 00:00,41.46,105.18,52.1,36.98,89.08,17.87,4.19,0.7,20.22,5.95,11.52,32.75,31.24,65.17,,,0.83,192.71,31-Oct-2019 - 00:00,"Chhatrapati Shivaji Intl. Airport (T2), Mumbai - MPCB"
31-Oct-2019 - 00:00,27.88,92.08,50.28,41.02,91.3,15.71,6.37,0.64,15.74,3.03,9.31,30.04,30.56,62.92,,,0.96,182.05,01-Nov-2019 - 00:00,"Chhatrapati Shivaji Intl. Airport (T2), Mumbai - MPCB"
01-Nov-2019 - 00:00,17.46,58.5,45.7,32.78,78.48,17.3,4.82,0.43,18.2,2.17,9.63,29.37,29.78,70.68,,,1.63,173.58,02-Nov-2019 - 00:00,"Chhatrapati Shivaji Intl. Airport (T2), Mumbai - MPCB"
02-Nov-2019 - 00:00,16.35,55.21,39.77,45.57,85.32,22.72,5.13,0.44,11.28,0.52,7.38,20.1,28.91,72.59,,,1.39,154.01,03-Nov-2019 - 00:00,"Chhatrapati Shivaji Intl. Airport (T2), Mumbai - MPCB"
03-Nov-2019 - 00:00,25.39,88.77,41.72,53.81,95.53,20.76,4.29,0.55,13.83,0.76,8.21,23.56,29.17,73.5,,,0.78,204.82,04-Nov-2019 - 00:00,"Chhatrapati Shivaji Intl. Airport (T2), Mumbai - MPCB"
04-Nov-2019 - 00:00,36.7,105.48,55.43,43.42,98.86,19.8,3.27,0.78,16.39,1.13,8.92,27.12,29.17,78.8,,,0.82,225.92,05-Nov-2019 - 00:00,"Chhatrapati Shivaji Intl. Airport (T2), Mumbai - MPCB"
05-Nov-2019 - 00:00,45.1,112.27,90.27,51.25,141.5,18.2,3.38,0.97,7.43,0.74,7.38,24.64,28.2,79.7,,,0.57,225.52,06-Nov-2019 - 00:00,"Chhatrapati Shivaji Intl. Airport (T2), Mumbai - MPCB"
06-Nov-2019 - 00:00,60.91,138.29,82.8,60.57,143.38,21.45,4.68,0.88,19.08,1.15,9.52,30.29,29.5,73.44,,,0.72,234.65,07-Nov-2019 - 00:00,"Chhatrapati Shivaji Intl. Airport (T2), Mumbai - MPCB"
07-Nov-2019 - 00:00,20.31,54.27,45.63,26.11,71.74,20.57,3.23,0.21,17.05,0.75,7.4,20.62,28.66,76.48,,,2.22,157.2,08-Nov-2019 - 00:00,"Chhatrapati Shivaji Intl. Airport (T2), Mumbai - MPCB"
08-Nov-2019 - 00:00,12.32,38.19,59.62,40.4,100.01,14.79,2.77,0.32,13.29,0.75,8.41,21.28,27.19,83.18,,,0.96,227.49,09-Nov-2019 - 00:00,"Chhatrapati Shivaji Intl. Airport (T2), Mumbai - MPCB"
09-Nov-2019 - 00:00,31.8,89.66,66.05,40.62,106.67,16.31,2.88,0.4,16.38,0.88,8.17,22.99,27.85,79.84,,,1.02,192.5,10-Nov-2019 - 00:00,"Chhatrapati Shivaji Intl. Airport (T2), Mumbai - MPCB"
10-Nov-2019 - 00:00,65.75,132.81,66.71,57.49,124.22,17.16,4.5,1.02,22.86,1.5,11.32,33.46,28.8,79.21,,,0.69,199.67,11-Nov-2019 - 00:00,"Chhatrapati Shivaji Intl. Airport (T2), Mumbai - MPCB"
11-Nov-2019 - 00:00,72.16,148.91,89.42,56.75,146.17,19.61,6.08,1.13,26.25,1.47,11.51,34.89,29.42,72.82,,,0.71,207.76,12-Nov-2019 - 00:00,"Chhatrapati Shivaji Intl. Airport (T2), Mumbai - MPCB"
12-Nov-2019 - 00:00,82.33,173.99,95.99,54.7,150.69,22.05,8.06,1.19,28.36,1.49,11.62,36.37,29.56,70.06,,,0.69,201.46,13-Nov-2019 - 00:00,"Chhatrapati Shivaji Intl. Airport (T2), Mumbai - MPCB"
13-Nov-2019 - 00:00,77.22,169.25,106.23,51.12,157.36,23.73,8.82,1.13,26.86,1.37,11.82,37.77,29.74,67.21,,0.01,0.79,196.31,14-Nov-2019 - 00:00,"Chhatrapati Shivaji Intl. Airport (T2), Mumbai - MPCB"
14-Nov-2019 - 00:00,71.8,162.86,92.23,50.16,142.39,21.15,13.68,0.89,32.8,1.35,11.48,35.33,29.27,57.4,,0.14,0.84,184.69,15-Nov-2019 - 00:00,"Chhatrapati Shivaji Intl. Airport (T2), Mumbai - MPCB"
15-Nov-2019 - 00:00,81.34,170.34,100.63,55.95,156.59,24.63,11.49,1.09,25.5,1.42,11.46,34.51,29.03,65.56,,,0.82,187.26,16-Nov-2019 - 00:00,"Chhatrapati Shivaji Intl. Airport (T2), Mumbai - MPCB"
16-Nov-2019 - 00:00,86.98,180.15,94.01,48.75,142.75,27.37,8.88,1.07,28.53,1.37,12.57,40.63,29.76,69.09,,,0.75,207.42,17-Nov-2019 - 00:00,"Chhatrapati Shivaji Intl. Airport (T2), Mumbai - MPCB"
17-Nov-2019 - 00:00,78.94,155.19,70.53,32.7,103.23,23.33,10.27,0.79,38.65,1.28,11.63,37.88,30.63,63.44,,,0.75,209.65,18-Nov-2019 - 00:00,"Chhatrapati Shivaji Intl. Airport (T2), Mumbai - MPCB"
18-Nov-2019 - 00:00,79.4,152.35,91.62,29.55,121.17,20.59,12.54,0.87,47.35,1.03,10.4,33.98,30.28,55.75,,,0.79,209.24,19-Nov-2019 - 00:00,"Chhatrapati Shivaji Intl. Airport (T2), Mumbai - MPCB"
19-Nov-2019 - 00:00,100.25,197.14,104.02,41.67,145.7,22.08,14.64,1.2,43.17,2.07,10.42,33.76,29.2,60.05,,,0.77,186.68,20-Nov-2019 - 00:00,"Chhatrapati Shivaji Intl. Airport (T2), Mumbai - MPCB"
20-Nov-2019 - 00:00,102.24,208.76,112.52,65.61,178.11,27.98,12.41,1.42,33.02,4.97,11.68,38.16,28.73,67.16,,0.02,0.68,213.79,21-Nov-2019 - 00:00,"Chhatrapati Shivaji Intl. Airport (T2), Mumbai - MPCB"
21-Nov-2019 - 00:00,102.03,197.92,107.55,53.41,160.96,29.5,9.52,1.34,25.45,4.51,10.36,33.95,29.34,64.55,,,0.83,188.29,22-Nov-2019 - 00:00,"Chhatrapati Shivaji Intl. Airport (T2), Mumbai - MPCB"
22-Nov-2019 - 00:00,97.0,187.78,91.16,56.72,147.91,26.37,10.37,1.17,29.32,3.67,9.6,31.31,29.72,63.13,,0.02,0.73,192.5,23-Nov-2019 - 00:00,"Chhatrapati Shivaji Intl. Airport (T2), Mumbai - MPCB"
23-Nov-2019 - 00:00,95.1,191.51,64.22,54.53,118.75,23.7,11.2,1.26,29.75,3.81,10.61,34.32,29.52,64.7,,0.06,0.78,191.29,24-Nov-2019 - 00:00,"Chhatrapati Shivaji Intl. Airport (T2), Mumbai - MPCB"
24-Nov-2019 - 00:00,93.64,173.78,69.64,38.09,107.72,22.86,12.8,1.02,52.79,4.52,11.29,35.29,29.21,63.89,,,0.8,189.71,25-Nov-2019 - 00:00,"Chhatrapati Shivaji Intl. Airport (T2), Mumbai - MPCB"
25-Nov-2019 - 00:00,100.25,193.46,76.92,51.09,128.03,23.67,14.55,1.33,39.61,4.36,10.87,34.42,29.09,64.66,,0.18,0.66,198.73,26-Nov-2019 - 00:00,"Chhatrapati Shivaji Intl. Airport (T2), Mumbai - MPCB"
26-Nov-2019 - 00:00,91.56,185.79,78.98,51.29,130.26,21.75,14.39,1.19,52.55,4.71,11.22,34.62,28.97,61.63,,,0.71,203.27,27-Nov-2019 - 00:00,"Chhatrapati Shivaji Intl. Airport (T2), Mumbai - MPCB"
27-Nov-2019 - 00:00,79.5,174.67,61.02,71.74,132.76,21.98,12.62,1.23,29.09,4.11,10.98,34.32,28.75,62.06,,,0.96,186.85,28-Nov-2019 - 00:00,"Chhatrapati Shivaji Intl. Airport (T2), Mumbai - MPCB"
28-Nov-2019 - 00:00,81.33,178.47,87.21,58.23,145.45,23.43,14.28,1.39,37.08,3.82,8.51,26.71,29.48,60.63,,0.02,0.68,188.56,29-Nov-2019 - 00:00,"Chhatrapati Shivaji Intl. Airport (T2), Mumbai - MPCB"
29-Nov-2019 - 00:00,88.22,199.01,65.52,70.42,135.94,28.8,9.62,1.39,24.92,3.75,7.59,19.02,29.63,63.02,,,0.72,210.3,30-Nov-2019 - 00:00,"Chhatrapati Shivaji Intl. Airport (T2), Mumbai - MPCB"
30-Nov-2019 - 00:00,98.18,208.2,69.99,54.65,124.63,29.73,8.75,1.36,27.23,9.6,17.54,39.05,29.42,65.48,,,0.74,204.91,01-Dec-2019 - 00:00,"Chhatrapati Shivaji Intl. Airport (T2), Mumbai - MPCB"
01-Dec-2019 - 00:00,102.4,206.5,64.52,58.11,122.63,31.73,8.83,1.42,24.71,11.57,20.73,42.26,29.36,69.26,,,0.66,209.31,02-Dec-2019 - 00:00,"Chhatrapati Shivaji Intl. Airport (T2), Mumbai - MPCB"
02-Dec-2019 - 00:00,70.74,151.25,61.73,40.91,102.66,28.48,8.0,1.07,28.22,6.69,13.84,29.64,29.56,67.41,,,0.75,195.57,03-Dec-2019 - 00:00,"Chhatrapati Shivaji Intl. Airport (T2), Mumbai - MPCB"
03-Dec-2019 - 00:00,46.8,132.29,43.9,59.51,103.43,27.0,9.2,0.89,16.27,1.84,6.98,22.16,29.43,64.09,,,1.13,175.82,04-Dec-2019 - 00:00,"Chhatrapati Shivaji Intl. Airport (T2), Mumbai - MPCB"
04-Dec-2019 - 00:00,56.35,137.53,35.61,70.98,106.53,23.99,8.15,1.02,12.57,2.29,8.59,28.17,29.47,64.97,,0.34,0.86,185.46,05-Dec-2019 - 00:00,"Chhatrapati Shivaji Intl. Airport (T2), Mumbai - MPCB"
05-Dec-2019 - 00:00,71.08,147.38,25.91,89.2,115.11,25.57,6.03,1.11,7.4,2.04,8.24,27.52,28.87,72.77,,0.42,0.62,240.21,06-Dec-2019 - 00:00,"Chhatrapati Shivaji Intl. Airport (T2), Mumbai - MPCB"
06-Dec-2019 - 00:00,92.36,186.24,36.82,62.41,99.23,26.85,9.53,1.13,16.3,2.54,9.33,29.68,29.39,58.38,,0.18,0.77,202.07,07-Dec-2019 - 00:00,"Chhatrapati Shivaji Intl. Airport (T2), Mumbai - MPCB"
07-Dec-2019 - 00:00,77.64,172.93,43.6,54.34,97.96,26.94,11.71,1.1,19.15,2.98,10.65,30.09,28.48,54.13,,,0.78,177.2,08-Dec-2019 - 00:00,"Chhatrapati Shivaji Intl. Airport (T2), Mumbai - MPCB"
08-Dec-2019 - 00:00,94.6,177.69,50.92,47.91,98.83,26.57,11.7,1.14,20.06,3.25,11.43,32.58,28.02,58.9,,,0.74,198.13,09-Dec-2019 - 00:00,"Chhatrapati Shivaji Intl. Airport (T2), Mumbai - MPCB"
09-Dec-2019 - 00:00,85.52,163.05,50.84,52.4,103.24,27.16,9.94,1.25,19.64,3.4,11.36,34.48,28.78,63.15,,,0.67,203.15,10-Dec-2019 - 00:00,"Chhatrapati Shivaji Intl. Airport (T2), Mumbai - MPCB"
10-Dec-2019 - 00:00,85.36,172.8,58.83,57.06,115.89,26.21,8.73,1.35,15.47,2.83,9.75,30.46,28.87,66.34,,,0.72,204.19,11-Dec-2019 - 00:00,"Chhatrapati Shivaji Intl. Airport (T2), Mumbai - MPCB"
11-Dec-2019 - 00:00,106.84,208.29,48.02,84.54,132.55,26.05,7.9,1.67,9.46,3.4,10.82,34.03,28.6,68.51,,,0.57,207.05,12-Dec-2019 - 00:00,"Chhatrapati Shivaji Intl. Airport (T2), Mumbai - MPCB"
12-Dec-2019 - 00:00,100.68,208.28,48.8,93.41,137.31,26.81,8.91,1.62,13.32,3.39,11.6,35.46,27.73,67.42,,0.09,0.55,216.21,13-Dec-2019 - 00:00,"Chhatrapati Shivaji Intl. Airport (T2), Mumbai - MPCB"
13-Dec-2019 - 00:00,74.03,157.67,41.83,54.81,96.64,24.87,7.42,1.11,14.86,2.93,10.59,28.19,26.48,68.63,,,0.69,210.02,14-Dec-2019 - 00:00,"Chhatrapati Shivaji Intl. Airport (T2), Mumbai - MPCB"
14-Dec-2019 - 00:00,60.83,152.16,41.78,66.07,106.68,24.1,7.87,1.04,12.19,2.37,9.46,24.07,25.88,66.69,,0.01,0.69,221.32,15-Dec-2019 - 00:00,"Chhatrapati Shivaji Intl. Airport (T2), Mumbai - MPCB"
15-Dec-2019 - 00:00,83.98,172.74,37.62,71.1,108.73,24.67,8.12,1.27,10.49,3.38,11.04,27.18,25.99,66.98,,,0.61,208.36,16-Dec-2019 - 00:00,"Chhatrapati Shivaji Intl. Airport (T2), Mumbai - MPCB"
16-Dec-2019 - 00:00,103.72,200.91,41.36,75.17,116.53,26.12,7.92,1.59,8.06,5.56,13.42,29.33,26.26,73.19,,,0.63,202.39,17-Dec-2019 - 00:00,"Chhatrapati Shivaji Intl. Airport (T2), Mumbai - MPCB"
17-Dec-2019 - 00:00,89.54,192.47,34.87,67.36,102.22,25.87,8.47,1.43,14.55,5.63,13.91,29.11,27.48,67.56,,0.06,0.89,176.82,18-Dec-2019 - 00:00,"Chhatrapati Shivaji Intl. Airport (T2), Mumbai - MPCB"
18-Dec-2019 - 00:00,80.56,168.75,38.5,57.18,95.67,24.79,10.21,1.22,15.12,5.2,12.97,26.96,27.73,62.62,,0.07,0.83,180.33,19-Dec-2019 - 00:00,"Chhatrapati Shivaji Intl. Airport (T2), Mumbai - MPCB"
19-Dec-2019 - 00:00,78.68,160.51,44.92,48.02,92.94,24.3,7.91,1.13,19.69,3.44,10.01,22.8,28.56,58.95,,0.11,0.8,204.54,20-Dec-2019 - 00:00,"Chhatrapati Shivaji Intl. Airport (T2), Mumbai - MPCB"
20-Dec-2019 - 00:00,105.6,212.99,54.31,71.22,125.51,27.32,10.7,1.53,13.47,1.79,7.34,16.44,27.83,64.13,,,0.66,204.25,21-Dec-2019 - 00:00,"Chhatrapati Shivaji Intl. Airport (T2), Mumbai - MPCB"
21-Dec-2019 - 00:00,108.26,238.61,39.16,97.31,135.56,38.72,11.61,1.85,10.46,2.01,8.64,21.96,27.43,66.2,,,0.58,195.15,22-Dec-2019 - 00:00,"Chhatrapati Shivaji Intl. Airport (T2), Mumbai - MPCB"
22-Dec-2019 - 00:00,112.87,218.04,34.37,83.19,117.58,39.9,12.57,1.59,13.47,1.94,8.84,24.72,28.07,63.36,,,0.67,182.82,23-Dec-2019 - 00:00,"Chhatrapati Shivaji Intl. Airport (T2), Mumbai - MPCB"
23-Dec-2019 - 00:00,106.41,200.25,30.59,81.15,111.72,38.35,12.1,1.54,12.9,1.74,7.88,20.76,28.45,67.22,,,0.8,179.92,24-Dec-2019 - 00:00,"Chhatrapati Shivaji Intl. Airport (T2), Mumbai - MPCB"
24-Dec-2019 - 00:00,134.58,244.69,44.08,67.43,111.51,40.06,10.68,1.63,17.43,2.02,7.95,24.3,28.36,69.25,,,0.64,202.94,25-Dec-2019 - 00:00,"Chhatrapati Shivaji Intl. Airport (T2), Mumbai - MPCB"
25-Dec-2019 - 00:00,155.28,275.38,40.27,64.87,105.14,32.9,9.85,1.72,10.81,2.14,8.01,25.77,28.08,72.28,,,0.58,218.95,26-Dec-2019 - 00:00,"Chhatrapati Shivaji Intl. Airport (T2), Mumbai - MPCB"
26-Dec-2019 - 00:00,109.64,208.32,35.17,74.33,109.51,34.01,10.16,1.46,10.17,1.76,7.33,21.08,27.52,61.25,,,0.7,222.61,27-Dec-2019 - 00:00,"Chhatrapati Shivaji Intl. Airport (T2), Mumbai - MPCB"
27-Dec-2019 - 00:00,104.5,211.47,38.04,85.48,123.51,30.91,10.81,1.5,8.91,1.61,6.57,19.39,26.34,65.88,,,0.67,202.99,28-Dec-2019 - 00:00,"Chhatrapati Shivaji Intl. Airport (T2), Mumbai - MPCB"
28-Dec-2019 - 00:00,87.58,183.52,36.29,68.19,104.47,29.98,8.35,1.23,13.56,1.35,6.4,21.88,27.87,61.84,,,0.78,203.53,29-Dec-2019 - 00:00,"Chhatrapati Shivaji Intl. Airport (T2), Mumbai - MPCB"
29-Dec-2019 - 00:00,87.31,174.76,34.35,60.59,94.95,26.72,9.91,1.08,14.72,1.46,7.12,22.16,26.82,64.14,,,0.85,173.86,30-Dec-2019 - 00:00,"Chhatrapati Shivaji Intl. Airport (T2), Mumbai - MPCB"
30-Dec-2019 - 00:00,101.83,203.86,40.03,69.24,107.05,27.6,8.46,1.33,14.64,1.56,6.83,23.33,26.06,67.22,,,0.65,205.22,31-Dec-2019 - 00:00,"Chhatrapati Shivaji Intl. Airport (T2), Mumbai - MPCB"
31-Dec-2019 - 00:00,88.0,176.0,,,,,,,,,,,,,,,,,01-Jan-2020 - 00:00,"Chhatrapati Shivaji Intl. Airport (T2), Mumbai - MPCB"
