from date,PM2.5,PM10,NO2,NO,NOx,NH3,SO2,CO,Ozone,Benzene,Toluene,MP-Xylene,Eth-Benzene,O Xylene,AT,WS,WD,RH,BP,SR,RF,to date,station
01-Jan-2019 - 00:00,,,,,,,,,,,,,,,,,,,,,,02-Jan-2019 - 00:00,"Lumpyngngad, Shillong - Meghalaya PCB"
02-Jan-2019 - 00:00,,,,,,,,,,,,,,,,,,,,,,03-Jan-2019 - 00:00,"Lumpyngngad, Shillong - Meghalaya PCB"
03-Jan-2019 - 00:00,,,,,,,,,,,,,,,,,,,,,,04-Jan-2019 - 00:00,"Lumpyngngad, Shillong - Meghalaya PCB"
04-Jan-2019 - 00:00,,,,,,,,,,,,,,,,,,,,,,05-Jan-2019 - 00:00,"Lumpyngngad, Shillong - Meghalaya PCB"
05-Jan-2019 - 00:00,,,,,,,,,,,,,,,,,,,,,,06-Jan-2019 - 00:00,"Lumpyngngad, Shillong - Meghalaya PCB"
06-Jan-2019 - 00:00,,,,,,,,,,,,,,,,,,,,,,07-Jan-2019 - 00:00,"Lumpyngngad, Shillong - Meghalaya PCB"
07-Jan-2019 - 00:00,,,,,,,,,,,,,,,,,,,,,,08-Jan-2019 - 00:00,"Lumpyngngad, Shillong - Meghalaya PCB"
08-Jan-2019 - 00:00,,,,,,,,,,,,,,,,,,,,,,09-Jan-2019 - 00:00,"Lumpyngngad, Shillong - Meghalaya PCB"
09-Jan-2019 - 00:00,,,,,,,,,,,,,,,,,,,,,,10-Jan-2019 - 00:00,"Lumpyngngad, Shillong - Meghalaya PCB"
10-Jan-2019 - 00:00,,,,,,,,,,,,,,,,,,,,,,11-Jan-2019 - 00:00,"Lumpyngngad, Shillong - Meghalaya PCB"
11-Jan-2019 - 00:00,,,,,,,,,,,,,,,,,,,,,,12-Jan-2019 - 00:00,"Lumpyngngad, Shillong - Meghalaya PCB"
12-Jan-2019 - 00:00,,,,,,,,,,,,,,,,,,,,,,13-Jan-2019 - 00:00,"Lumpyngngad, Shillong - Meghalaya PCB"
13-Jan-2019 - 00:00,,,,,,,,,,,,,,,,,,,,,,14-Jan-2019 - 00:00,"Lumpyngngad, Shillong - Meghalaya PCB"
14-Jan-2019 - 00:00,,,,,,,,,,,,,,,,,,,,,,15-Jan-2019 - 00:00,"Lumpyngngad, Shillong - Meghalaya PCB"
15-Jan-2019 - 00:00,,,,,,,,,,,,,,,,,,,,,,16-Jan-2019 - 00:00,"Lumpyngngad, Shillong - Meghalaya PCB"
16-Jan-2019 - 00:00,,,,,,,,,,,,,,,,,,,,,,17-Jan-2019 - 00:00,"Lumpyngngad, Shillong - Meghalaya PCB"
17-Jan-2019 - 00:00,,,,,,,,,,,,,,,,,,,,,,18-Jan-2019 - 00:00,"Lumpyngngad, Shillong - Meghalaya PCB"
18-Jan-2019 - 00:00,,,,,,,,,,,,,,,,,,,,,,19-Jan-2019 - 00:00,"Lumpyngngad, Shillong - Meghalaya PCB"
19-Jan-2019 - 00:00,,,,,,,,,,,,,,,,,,,,,,20-Jan-2019 - 00:00,"Lumpyngngad, Shillong - Meghalaya PCB"
20-Jan-2019 - 00:00,,,,,,,,,,,,,,,,,,,,,,21-Jan-2019 - 00:00,"Lumpyngngad, Shillong - Meghalaya PCB"
21-Jan-2019 - 00:00,,,,,,,,,,,,,,,,,,,,,,22-Jan-2019 - 00:00,"Lumpyngngad, Shillong - Meghalaya PCB"
22-Jan-2019 - 00:00,,,,,,,,,,,,,,,,,,,,,,23-Jan-2019 - 00:00,"Lumpyngngad, Shillong - Meghalaya PCB"
23-Jan-2019 - 00:00,,,,,,,,,,,,,,,,,,,,,,24-Jan-2019 - 00:00,"Lumpyngngad, Shillong - Meghalaya PCB"
24-Jan-2019 - 00:00,,,,,,,,,,,,,,,,,,,,,,25-Jan-2019 - 00:00,"Lumpyngngad, Shillong - Meghalaya PCB"
25-Jan-2019 - 00:00,,,,,,,,,,,,,,,,,,,,,,26-Jan-2019 - 00:00,"Lumpyngngad, Shillong - Meghalaya PCB"
26-Jan-2019 - 00:00,,,,,,,,,,,,,,,,,,,,,,27-Jan-2019 - 00:00,"Lumpyngngad, Shillong - Meghalaya PCB"
27-Jan-2019 - 00:00,,,,,,,,,,,,,,,,,,,,,,28-Jan-2019 - 00:00,"Lumpyngngad, Shillong - Meghalaya PCB"
28-Jan-2019 - 00:00,,,,,,,,,,,,,,,,,,,,,,29-Jan-2019 - 00:00,"Lumpyngngad, Shillong - Meghalaya PCB"
29-Jan-2019 - 00:00,,,,,,,,,,,,,,,,,,,,,,30-Jan-2019 - 00:00,"Lumpyngngad, Shillong - Meghalaya PCB"
30-Jan-2019 - 00:00,,,,,,,,,,,,,,,,,,,,,,31-Jan-2019 - 00:00,"Lumpyngngad, Shillong - Meghalaya PCB"
31-Jan-2019 - 00:00,,,,,,,,,,,,,,,,,,,,,,01-Feb-2019 - 00:00,"Lumpyngngad, Shillong - Meghalaya PCB"
01-Feb-2019 - 00:00,,,,,,,,,,,,,,,,,,,,,,02-Feb-2019 - 00:00,"Lumpyngngad, Shillong - Meghalaya PCB"
02-Feb-2019 - 00:00,,,,,,,,,,,,,,,,,,,,,,03-Feb-2019 - 00:00,"Lumpyngngad, Shillong - Meghalaya PCB"
03-Feb-2019 - 00:00,,,,,,,,,,,,,,,,,,,,,,04-Feb-2019 - 00:00,"Lumpyngngad, Shillong - Meghalaya PCB"
04-Feb-2019 - 00:00,,,,,,,,,,,,,,,,,,,,,,05-Feb-2019 - 00:00,"Lumpyngngad, Shillong - Meghalaya PCB"
05-Feb-2019 - 00:00,,,,,,,,,,,,,,,,,,,,,,06-Feb-2019 - 00:00,"Lumpyngngad, Shillong - Meghalaya PCB"
06-Feb-2019 - 00:00,,,,,,,,,,,,,,,,,,,,,,07-Feb-2019 - 00:00,"Lumpyngngad, Shillong - Meghalaya PCB"
07-Feb-2019 - 00:00,,,,,,,,,,,,,,,,,,,,,,08-Feb-2019 - 00:00,"Lumpyngngad, Shillong - Meghalaya PCB"
08-Feb-2019 - 00:00,,,,,,,,,,,,,,,,,,,,,,09-Feb-2019 - 00:00,"Lumpyngngad, Shillong - Meghalaya PCB"
09-Feb-2019 - 00:00,,,,,,,,,,,,,,,,,,,,,,10-Feb-2019 - 00:00,"Lumpyngngad, Shillong - Meghalaya PCB"
10-Feb-2019 - 00:00,,,,,,,,,,,,,,,,,,,,,,11-Feb-2019 - 00:00,"Lumpyngngad, Shillong - Meghalaya PCB"
11-Feb-2019 - 00:00,,,,,,,,,,,,,,,,,,,,,,12-Feb-2019 - 00:00,"Lumpyngngad, Shillong - Meghalaya PCB"
12-Feb-2019 - 00:00,,,,,,,,,,,,,,,,,,,,,,13-Feb-2019 - 00:00,"Lumpyngngad, Shillong - Meghalaya PCB"
13-Feb-2019 - 00:00,,,,,,,,,,,,,,,,,,,,,,14-Feb-2019 - 00:00,"Lumpyngngad, Shillong - Meghalaya PCB"
14-Feb-2019 - 00:00,,,,,,,,,,,,,,,,,,,,,,15-Feb-2019 - 00:00,"Lumpyngngad, Shillong - Meghalaya PCB"
15-Feb-2019 - 00:00,,,,,,,,,,,,,,,,,,,,,,16-Feb-2019 - 00:00,"Lumpyngngad, Shillong - Meghalaya PCB"
16-Feb-2019 - 00:00,,,,,,,,,,,,,,,,,,,,,,17-Feb-2019 - 00:00,"Lumpyngngad, Shillong - Meghalaya PCB"
17-Feb-2019 - 00:00,,,,,,,,,,,,,,,,,,,,,,18-Feb-2019 - 00:00,"Lumpyngngad, Shillong - Meghalaya PCB"
18-Feb-2019 - 00:00,,,,,,,,,,,,,,,,,,,,,,19-Feb-2019 - 00:00,"Lumpyngngad, Shillong - Meghalaya PCB"
19-Feb-2019 - 00:00,,,,,,,,,,,,,,,,,,,,,,20-Feb-2019 - 00:00,"Lumpyngngad, Shillong - Meghalaya PCB"
20-Feb-2019 - 00:00,,,,,,,,,,,,,,,,,,,,,,21-Feb-2019 - 00:00,"Lumpyngngad, Shillong - Meghalaya PCB"
21-Feb-2019 - 00:00,,,,,,,,,,,,,,,,,,,,,,22-Feb-2019 - 00:00,"Lumpyngngad, Shillong - Meghalaya PCB"
22-Feb-2019 - 00:00,,,,,,,,,,,,,,,,,,,,,,23-Feb-2019 - 00:00,"Lumpyngngad, Shillong - Meghalaya PCB"
23-Feb-2019 - 00:00,,,,,,,,,,,,,,,,,,,,,,24-Feb-2019 - 00:00,"Lumpyngngad, Shillong - Meghalaya PCB"
24-Feb-2019 - 00:00,,,,,,,,,,,,,,,,,,,,,,25-Feb-2019 - 00:00,"Lumpyngngad, Shillong - Meghalaya PCB"
25-Feb-2019 - 00:00,,,,,,,,,,,,,,,,,,,,,,26-Feb-2019 - 00:00,"Lumpyngngad, Shillong - Meghalaya PCB"
26-Feb-2019 - 00:00,,,,,,,,,,,,,,,,,,,,,,27-Feb-2019 - 00:00,"Lumpyngngad, Shillong - Meghalaya PCB"
27-Feb-2019 - 00:00,,,,,,,,,,,,,,,,,,,,,,28-Feb-2019 - 00:00,"Lumpyngngad, Shillong - Meghalaya PCB"
28-Feb-2019 - 00:00,,,,,,,,,,,,,,,,,,,,,,01-Mar-2019 - 00:00,"Lumpyngngad, Shillong - Meghalaya PCB"
01-Mar-2019 - 00:00,,,,,,,,,,,,,,,,,,,,,,02-Mar-2019 - 00:00,"Lumpyngngad, Shillong - Meghalaya PCB"
02-Mar-2019 - 00:00,,,,,,,,,,,,,,,,,,,,,,03-Mar-2019 - 00:00,"Lumpyngngad, Shillong - Meghalaya PCB"
03-Mar-2019 - 00:00,,,,,,,,,,,,,,,,,,,,,,04-Mar-2019 - 00:00,"Lumpyngngad, Shillong - Meghalaya PCB"
04-Mar-2019 - 00:00,,,,,,,,,,,,,,,,,,,,,,05-Mar-2019 - 00:00,"Lumpyngngad, Shillong - Meghalaya PCB"
05-Mar-2019 - 00:00,,,,,,,,,,,,,,,,,,,,,,06-Mar-2019 - 00:00,"Lumpyngngad, Shillong - Meghalaya PCB"
06-Mar-2019 - 00:00,,,,,,,,,,,,,,,,,,,,,,07-Mar-2019 - 00:00,"Lumpyngngad, Shillong - Meghalaya PCB"
07-Mar-2019 - 00:00,,,,,,,,,,,,,,,,,,,,,,08-Mar-2019 - 00:00,"Lumpyngngad, Shillong - Meghalaya PCB"
08-Mar-2019 - 00:00,,,,,,,,,,,,,,,,,,,,,,09-Mar-2019 - 00:00,"Lumpyngngad, Shillong - Meghalaya PCB"
09-Mar-2019 - 00:00,,,,,,,,,,,,,,,,,,,,,,10-Mar-2019 - 00:00,"Lumpyngngad, Shillong - Meghalaya PCB"
10-Mar-2019 - 00:00,,,,,,,,,,,,,,,,,,,,,,11-Mar-2019 - 00:00,"Lumpyngngad, Shillong - Meghalaya PCB"
11-Mar-2019 - 00:00,,,,,,,,,,,,,,,,,,,,,,12-Mar-2019 - 00:00,"Lumpyngngad, Shillong - Meghalaya PCB"
12-Mar-2019 - 00:00,,,,,,,,,,,,,,,,,,,,,,13-Mar-2019 - 00:00,"Lumpyngngad, Shillong - Meghalaya PCB"
13-Mar-2019 - 00:00,,,,,,,,,,,,,,,,,,,,,,14-Mar-2019 - 00:00,"Lumpyngngad, Shillong - Meghalaya PCB"
14-Mar-2019 - 00:00,,,,,,,,,,,,,,,,,,,,,,15-Mar-2019 - 00:00,"Lumpyngngad, Shillong - Meghalaya PCB"
15-Mar-2019 - 00:00,,,,,,,,,,,,,,,,,,,,,,16-Mar-2019 - 00:00,"Lumpyngngad, Shillong - Meghalaya PCB"
16-Mar-2019 - 00:00,,,,,,,,,,,,,,,,,,,,,,17-Mar-2019 - 00:00,"Lumpyngngad, Shillong - Meghalaya PCB"
17-Mar-2019 - 00:00,,,,,,,,,,,,,,,,,,,,,,18-Mar-2019 - 00:00,"Lumpyngngad, Shillong - Meghalaya PCB"
18-Mar-2019 - 00:00,,,,,,,,,,,,,,,,,,,,,,19-Mar-2019 - 00:00,"Lumpyngngad, Shillong - Meghalaya PCB"
19-Mar-2019 - 00:00,,,,,,,,,,,,,,,,,,,,,,20-Mar-2019 - 00:00,"Lumpyngngad, Shillong - Meghalaya PCB"
20-Mar-2019 - 00:00,,,,,,,,,,,,,,,,,,,,,,21-Mar-2019 - 00:00,"Lumpyngngad, Shillong - Meghalaya PCB"
21-Mar-2019 - 00:00,,,,,,,,,,,,,,,,,,,,,,22-Mar-2019 - 00:00,"Lumpyngngad, Shillong - Meghalaya PCB"
22-Mar-2019 - 00:00,,,,,,,,,,,,,,,,,,,,,,23-Mar-2019 - 00:00,"Lumpyngngad, Shillong - Meghalaya PCB"
23-Mar-2019 - 00:00,,,,,,,,,,,,,,,,,,,,,,24-Mar-2019 - 00:00,"Lumpyngngad, Shillong - Meghalaya PCB"
24-Mar-2019 - 00:00,,,,,,,,,,,,,,,,,,,,,,25-Mar-2019 - 00:00,"Lumpyngngad, Shillong - Meghalaya PCB"
25-Mar-2019 - 00:00,,,,,,,,,,,,,,,,,,,,,,26-Mar-2019 - 00:00,"Lumpyngngad, Shillong - Meghalaya PCB"
26-Mar-2019 - 00:00,,,,,,,,,,,,,,,,,,,,,,27-Mar-2019 - 00:00,"Lumpyngngad, Shillong - Meghalaya PCB"
27-Mar-2019 - 00:00,,,,,,,,,,,,,,,,,,,,,,28-Mar-2019 - 00:00,"Lumpyngngad, Shillong - Meghalaya PCB"
28-Mar-2019 - 00:00,,,,,,,,,,,,,,,,,,,,,,29-Mar-2019 - 00:00,"Lumpyngngad, Shillong - Meghalaya PCB"
29-Mar-2019 - 00:00,,,,,,,,,,,,,,,,,,,,,,30-Mar-2019 - 00:00,"Lumpyngngad, Shillong - Meghalaya PCB"
30-Mar-2019 - 00:00,,,,,,,,,,,,,,,,,,,,,,31-Mar-2019 - 00:00,"Lumpyngngad, Shillong - Meghalaya PCB"
31-Mar-2019 - 00:00,,,,,,,,,,,,,,,,,,,,,,01-Apr-2019 - 00:00,"Lumpyngngad, Shillong - Meghalaya PCB"
01-Apr-2019 - 00:00,,,,,,,,,,,,,,,,,,,,,,02-Apr-2019 - 00:00,"Lumpyngngad, Shillong - Meghalaya PCB"
02-Apr-2019 - 00:00,,,,,,,,,,,,,,,,,,,,,,03-Apr-2019 - 00:00,"Lumpyngngad, Shillong - Meghalaya PCB"
03-Apr-2019 - 00:00,,,,,,,,,,,,,,,,,,,,,,04-Apr-2019 - 00:00,"Lumpyngngad, Shillong - Meghalaya PCB"
04-Apr-2019 - 00:00,,,,,,,,,,,,,,,,,,,,,,05-Apr-2019 - 00:00,"Lumpyngngad, Shillong - Meghalaya PCB"
05-Apr-2019 - 00:00,,,,,,,,,,,,,,,,,,,,,,06-Apr-2019 - 00:00,"Lumpyngngad, Shillong - Meghalaya PCB"
06-Apr-2019 - 00:00,,,,,,,,,,,,,,,,,,,,,,07-Apr-2019 - 00:00,"Lumpyngngad, Shillong - Meghalaya PCB"
07-Apr-2019 - 00:00,,,,,,,,,,,,,,,,,,,,,,08-Apr-2019 - 00:00,"Lumpyngngad, Shillong - Meghalaya PCB"
08-Apr-2019 - 00:00,,,,,,,,,,,,,,,,,,,,,,09-Apr-2019 - 00:00,"Lumpyngngad, Shillong - Meghalaya PCB"
09-Apr-2019 - 00:00,,,,,,,,,,,,,,,,,,,,,,10-Apr-2019 - 00:00,"Lumpyngngad, Shillong - Meghalaya PCB"
10-Apr-2019 - 00:00,,,,,,,,,,,,,,,,,,,,,,11-Apr-2019 - 00:00,"Lumpyngngad, Shillong - Meghalaya PCB"
11-Apr-2019 - 00:00,,,,,,,,,,,,,,,,,,,,,,12-Apr-2019 - 00:00,"Lumpyngngad, Shillong - Meghalaya PCB"
12-Apr-2019 - 00:00,,,,,,,,,,,,,,,,,,,,,,13-Apr-2019 - 00:00,"Lumpyngngad, Shillong - Meghalaya PCB"
13-Apr-2019 - 00:00,,,,,,,,,,,,,,,,,,,,,,14-Apr-2019 - 00:00,"Lumpyngngad, Shillong - Meghalaya PCB"
14-Apr-2019 - 00:00,,,,,,,,,,,,,,,,,,,,,,15-Apr-2019 - 00:00,"Lumpyngngad, Shillong - Meghalaya PCB"
15-Apr-2019 - 00:00,,,,,,,,,,,,,,,,,,,,,,16-Apr-2019 - 00:00,"Lumpyngngad, Shillong - Meghalaya PCB"
16-Apr-2019 - 00:00,,,,,,,,,,,,,,,,,,,,,,17-Apr-2019 - 00:00,"Lumpyngngad, Shillong - Meghalaya PCB"
17-Apr-2019 - 00:00,,,,,,,,,,,,,,,,,,,,,,18-Apr-2019 - 00:00,"Lumpyngngad, Shillong - Meghalaya PCB"
18-Apr-2019 - 00:00,,,,,,,,,,,,,,,,,,,,,,19-Apr-2019 - 00:00,"Lumpyngngad, Shillong - Meghalaya PCB"
19-Apr-2019 - 00:00,,,,,,,,,,,,,,,,,,,,,,20-Apr-2019 - 00:00,"Lumpyngngad, Shillong - Meghalaya PCB"
20-Apr-2019 - 00:00,,,,,,,,,,,,,,,,,,,,,,21-Apr-2019 - 00:00,"Lumpyngngad, Shillong - Meghalaya PCB"
21-Apr-2019 - 00:00,,,,,,,,,,,,,,,,,,,,,,22-Apr-2019 - 00:00,"Lumpyngngad, Shillong - Meghalaya PCB"
22-Apr-2019 - 00:00,,,,,,,,,,,,,,,,,,,,,,23-Apr-2019 - 00:00,"Lumpyngngad, Shillong - Meghalaya PCB"
23-Apr-2019 - 00:00,,,,,,,,,,,,,,,,,,,,,,24-Apr-2019 - 00:00,"Lumpyngngad, Shillong - Meghalaya PCB"
24-Apr-2019 - 00:00,,,,,,,,,,,,,,,,,,,,,,25-Apr-2019 - 00:00,"Lumpyngngad, Shillong - Meghalaya PCB"
25-Apr-2019 - 00:00,,,,,,,,,,,,,,,,,,,,,,26-Apr-2019 - 00:00,"Lumpyngngad, Shillong - Meghalaya PCB"
26-Apr-2019 - 00:00,,,,,,,,,,,,,,,,,,,,,,27-Apr-2019 - 00:00,"Lumpyngngad, Shillong - Meghalaya PCB"
27-Apr-2019 - 00:00,,,,,,,,,,,,,,,,,,,,,,28-Apr-2019 - 00:00,"Lumpyngngad, Shillong - Meghalaya PCB"
28-Apr-2019 - 00:00,,,,,,,,,,,,,,,,,,,,,,29-Apr-2019 - 00:00,"Lumpyngngad, Shillong - Meghalaya PCB"
29-Apr-2019 - 00:00,,,,,,,,,,,,,,,,,,,,,,30-Apr-2019 - 00:00,"Lumpyngngad, Shillong - Meghalaya PCB"
30-Apr-2019 - 00:00,,,,,,,,,,,,,,,,,,,,,,01-May-2019 - 00:00,"Lumpyngngad, Shillong - Meghalaya PCB"
01-May-2019 - 00:00,,,,,,,,,,,,,,,,,,,,,,02-May-2019 - 00:00,"Lumpyngngad, Shillong - Meghalaya PCB"
02-May-2019 - 00:00,,,,,,,,,,,,,,,,,,,,,,03-May-2019 - 00:00,"Lumpyngngad, Shillong - Meghalaya PCB"
03-May-2019 - 00:00,,,,,,,,,,,,,,,,,,,,,,04-May-2019 - 00:00,"Lumpyngngad, Shillong - Meghalaya PCB"
04-May-2019 - 00:00,,,,,,,,,,,,,,,,,,,,,,05-May-2019 - 00:00,"Lumpyngngad, Shillong - Meghalaya PCB"
05-May-2019 - 00:00,,,,,,,,,,,,,,,,,,,,,,06-May-2019 - 00:00,"Lumpyngngad, Shillong - Meghalaya PCB"
06-May-2019 - 00:00,,,,,,,,,,,,,,,,,,,,,,07-May-2019 - 00:00,"Lumpyngngad, Shillong - Meghalaya PCB"
07-May-2019 - 00:00,,,,,,,,,,,,,,,,,,,,,,08-May-2019 - 00:00,"Lumpyngngad, Shillong - Meghalaya PCB"
08-May-2019 - 00:00,,,,,,,,,,,,,,,,,,,,,,09-May-2019 - 00:00,"Lumpyngngad, Shillong - Meghalaya PCB"
09-May-2019 - 00:00,,,,,,,,,,,,,,,,,,,,,,10-May-2019 - 00:00,"Lumpyngngad, Shillong - Meghalaya PCB"
10-May-2019 - 00:00,,,,,,,,,,,,,,,,,,,,,,11-May-2019 - 00:00,"Lumpyngngad, Shillong - Meghalaya PCB"
11-May-2019 - 00:00,,,,,,,,,,,,,,,,,,,,,,12-May-2019 - 00:00,"Lumpyngngad, Shillong - Meghalaya PCB"
12-May-2019 - 00:00,,,,,,,,,,,,,,,,,,,,,,13-May-2019 - 00:00,"Lumpyngngad, Shillong - Meghalaya PCB"
13-May-2019 - 00:00,,,,,,,,,,,,,,,,,,,,,,14-May-2019 - 00:00,"Lumpyngngad, Shillong - Meghalaya PCB"
14-May-2019 - 00:00,,,,,,,,,,,,,,,,,,,,,,15-May-2019 - 00:00,"Lumpyngngad, Shillong - Meghalaya PCB"
15-May-2019 - 00:00,,,,,,,,,,,,,,,,,,,,,,16-May-2019 - 00:00,"Lumpyngngad, Shillong - Meghalaya PCB"
16-May-2019 - 00:00,,,,,,,,,,,,,,,,,,,,,,17-May-2019 - 00:00,"Lumpyngngad, Shillong - Meghalaya PCB"
17-May-2019 - 00:00,,,,,,,,,,,,,,,,,,,,,,18-May-2019 - 00:00,"Lumpyngngad, Shillong - Meghalaya PCB"
18-May-2019 - 00:00,,,,,,,,,,,,,,,,,,,,,,19-May-2019 - 00:00,"Lumpyngngad, Shillong - Meghalaya PCB"
19-May-2019 - 00:00,,,,,,,,,,,,,,,,,,,,,,20-May-2019 - 00:00,"Lumpyngngad, Shillong - Meghalaya PCB"
20-May-2019 - 00:00,,,,,,,,,,,,,,,,,,,,,,21-May-2019 - 00:00,"Lumpyngngad, Shillong - Meghalaya PCB"
21-May-2019 - 00:00,,,,,,,,,,,,,,,,,,,,,,22-May-2019 - 00:00,"Lumpyngngad, Shillong - Meghalaya PCB"
22-May-2019 - 00:00,,,,,,,,,,,,,,,,,,,,,,23-May-2019 - 00:00,"Lumpyngngad, Shillong - Meghalaya PCB"
23-May-2019 - 00:00,,,,,,,,,,,,,,,,,,,,,,24-May-2019 - 00:00,"Lumpyngngad, Shillong - Meghalaya PCB"
24-May-2019 - 00:00,,,,,,,,,,,,,,,,,,,,,,25-May-2019 - 00:00,"Lumpyngngad, Shillong - Meghalaya PCB"
25-May-2019 - 00:00,,,,,,,,,,,,,,,,,,,,,,26-May-2019 - 00:00,"Lumpyngngad, Shillong - Meghalaya PCB"
26-May-2019 - 00:00,,,,,,,,,,,,,,,,,,,,,,27-May-2019 - 00:00,"Lumpyngngad, Shillong - Meghalaya PCB"
27-May-2019 - 00:00,,,,,,,,,,,,,,,,,,,,,,28-May-2019 - 00:00,"Lumpyngngad, Shillong - Meghalaya PCB"
28-May-2019 - 00:00,,,,,,,,,,,,,,,,,,,,,,29-May-2019 - 00:00,"Lumpyngngad, Shillong - Meghalaya PCB"
29-May-2019 - 00:00,,,,,,,,,,,,,,,,,,,,,,30-May-2019 - 00:00,"Lumpyngngad, Shillong - Meghalaya PCB"
30-May-2019 - 00:00,,,,,,,,,,,,,,,,,,,,,,31-May-2019 - 00:00,"Lumpyngngad, Shillong - Meghalaya PCB"
31-May-2019 - 00:00,,,,,,,,,,,,,,,,,,,,,,01-Jun-2019 - 00:00,"Lumpyngngad, Shillong - Meghalaya PCB"
01-Jun-2019 - 00:00,,,,,,,,,,,,,,,,,,,,,,02-Jun-2019 - 00:00,"Lumpyngngad, Shillong - Meghalaya PCB"
02-Jun-2019 - 00:00,,,,,,,,,,,,,,,,,,,,,,03-Jun-2019 - 00:00,"Lumpyngngad, Shillong - Meghalaya PCB"
03-Jun-2019 - 00:00,,,,,,,,,,,,,,,,,,,,,,04-Jun-2019 - 00:00,"Lumpyngngad, Shillong - Meghalaya PCB"
04-Jun-2019 - 00:00,,,,,,,,,,,,,,,,,,,,,,05-Jun-2019 - 00:00,"Lumpyngngad, Shillong - Meghalaya PCB"
05-Jun-2019 - 00:00,,,,,,,,,,,,,,,,,,,,,,06-Jun-2019 - 00:00,"Lumpyngngad, Shillong - Meghalaya PCB"
06-Jun-2019 - 00:00,,,,,,,,,,,,,,,,,,,,,,07-Jun-2019 - 00:00,"Lumpyngngad, Shillong - Meghalaya PCB"
07-Jun-2019 - 00:00,,,,,,,,,,,,,,,,,,,,,,08-Jun-2019 - 00:00,"Lumpyngngad, Shillong - Meghalaya PCB"
08-Jun-2019 - 00:00,,,,,,,,,,,,,,,,,,,,,,09-Jun-2019 - 00:00,"Lumpyngngad, Shillong - Meghalaya PCB"
09-Jun-2019 - 00:00,,,,,,,,,,,,,,,,,,,,,,10-Jun-2019 - 00:00,"Lumpyngngad, Shillong - Meghalaya PCB"
10-Jun-2019 - 00:00,,,,,,,,,,,,,,,,,,,,,,11-Jun-2019 - 00:00,"Lumpyngngad, Shillong - Meghalaya PCB"
11-Jun-2019 - 00:00,,,,,,,,,,,,,,,,,,,,,,12-Jun-2019 - 00:00,"Lumpyngngad, Shillong - Meghalaya PCB"
12-Jun-2019 - 00:00,,,,,,,,,,,,,,,,,,,,,,13-Jun-2019 - 00:00,"Lumpyngngad, Shillong - Meghalaya PCB"
13-Jun-2019 - 00:00,,,,,,,,,,,,,,,,,,,,,,14-Jun-2019 - 00:00,"Lumpyngngad, Shillong - Meghalaya PCB"
14-Jun-2019 - 00:00,,,,,,,,,,,,,,,,,,,,,,15-Jun-2019 - 00:00,"Lumpyngngad, Shillong - Meghalaya PCB"
15-Jun-2019 - 00:00,,,,,,,,,,,,,,,,,,,,,,16-Jun-2019 - 00:00,"Lumpyngngad, Shillong - Meghalaya PCB"
16-Jun-2019 - 00:00,,,,,,,,,,,,,,,,,,,,,,17-Jun-2019 - 00:00,"Lumpyngngad, Shillong - Meghalaya PCB"
17-Jun-2019 - 00:00,,,,,,,,,,,,,,,,,,,,,,18-Jun-2019 - 00:00,"Lumpyngngad, Shillong - Meghalaya PCB"
18-Jun-2019 - 00:00,,,,,,,,,,,,,,,,,,,,,,19-Jun-2019 - 00:00,"Lumpyngngad, Shillong - Meghalaya PCB"
19-Jun-2019 - 00:00,,,,,,,,,,,,,,,,,,,,,,20-Jun-2019 - 00:00,"Lumpyngngad, Shillong - Meghalaya PCB"
20-Jun-2019 - 00:00,,,,,,,,,,,,,,,,,,,,,,21-Jun-2019 - 00:00,"Lumpyngngad, Shillong - Meghalaya PCB"
21-Jun-2019 - 00:00,,,,,,,,,,,,,,,,,,,,,,22-Jun-2019 - 00:00,"Lumpyngngad, Shillong - Meghalaya PCB"
22-Jun-2019 - 00:00,,,,,,,,,,,,,,,,,,,,,,23-Jun-2019 - 00:00,"Lumpyngngad, Shillong - Meghalaya PCB"
23-Jun-2019 - 00:00,,,,,,,,,,,,,,,,,,,,,,24-Jun-2019 - 00:00,"Lumpyngngad, Shillong - Meghalaya PCB"
24-Jun-2019 - 00:00,,,,,,,,,,,,,,,,,,,,,,25-Jun-2019 - 00:00,"Lumpyngngad, Shillong - Meghalaya PCB"
25-Jun-2019 - 00:00,,,,,,,,,,,,,,,,,,,,,,26-Jun-2019 - 00:00,"Lumpyngngad, Shillong - Meghalaya PCB"
26-Jun-2019 - 00:00,,,,,,,,,,,,,,,,,,,,,,27-Jun-2019 - 00:00,"Lumpyngngad, Shillong - Meghalaya PCB"
27-Jun-2019 - 00:00,,,,,,,,,,,,,,,,,,,,,,28-Jun-2019 - 00:00,"Lumpyngngad, Shillong - Meghalaya PCB"
28-Jun-2019 - 00:00,,,,,,,,,,,,,,,,,,,,,,29-Jun-2019 - 00:00,"Lumpyngngad, Shillong - Meghalaya PCB"
29-Jun-2019 - 00:00,,,,,,,,,,,,,,,,,,,,,,30-Jun-2019 - 00:00,"Lumpyngngad, Shillong - Meghalaya PCB"
30-Jun-2019 - 00:00,,,,,,,,,,,,,,,,,,,,,,01-Jul-2019 - 00:00,"Lumpyngngad, Shillong - Meghalaya PCB"
01-Jul-2019 - 00:00,,,,,,,,,,,,,,,,,,,,,,02-Jul-2019 - 00:00,"Lumpyngngad, Shillong - Meghalaya PCB"
02-Jul-2019 - 00:00,,,,,,,,,,,,,,,,,,,,,,03-Jul-2019 - 00:00,"Lumpyngngad, Shillong - Meghalaya PCB"
03-Jul-2019 - 00:00,,,,,,,,,,,,,,,,,,,,,,04-Jul-2019 - 00:00,"Lumpyngngad, Shillong - Meghalaya PCB"
04-Jul-2019 - 00:00,,,,,,,,,,,,,,,,,,,,,,05-Jul-2019 - 00:00,"Lumpyngngad, Shillong - Meghalaya PCB"
05-Jul-2019 - 00:00,,,,,,,,,,,,,,,,,,,,,,06-Jul-2019 - 00:00,"Lumpyngngad, Shillong - Meghalaya PCB"
06-Jul-2019 - 00:00,,,,,,,,,,,,,,,,,,,,,,07-Jul-2019 - 00:00,"Lumpyngngad, Shillong - Meghalaya PCB"
07-Jul-2019 - 00:00,,,,,,,,,,,,,,,,,,,,,,08-Jul-2019 - 00:00,"Lumpyngngad, Shillong - Meghalaya PCB"
08-Jul-2019 - 00:00,,,,,,,,,,,,,,,,,,,,,,09-Jul-2019 - 00:00,"Lumpyngngad, Shillong - Meghalaya PCB"
09-Jul-2019 - 00:00,,,,,,,,,,,,,,,,,,,,,,10-Jul-2019 - 00:00,"Lumpyngngad, Shillong - Meghalaya PCB"
10-Jul-2019 - 00:00,,,,,,,,,,,,,,,,,,,,,,11-Jul-2019 - 00:00,"Lumpyngngad, Shillong - Meghalaya PCB"
11-Jul-2019 - 00:00,,,,,,,,,,,,,,,,,,,,,,12-Jul-2019 - 00:00,"Lumpyngngad, Shillong - Meghalaya PCB"
12-Jul-2019 - 00:00,,,,,,,,,,,,,,,,,,,,,,13-Jul-2019 - 00:00,"Lumpyngngad, Shillong - Meghalaya PCB"
13-Jul-2019 - 00:00,,,,,,,,,,,,,,,,,,,,,,14-Jul-2019 - 00:00,"Lumpyngngad, Shillong - Meghalaya PCB"
14-Jul-2019 - 00:00,,,,,,,,,,,,,,,,,,,,,,15-Jul-2019 - 00:00,"Lumpyngngad, Shillong - Meghalaya PCB"
15-Jul-2019 - 00:00,,,,,,,,,,,,,,,,,,,,,,16-Jul-2019 - 00:00,"Lumpyngngad, Shillong - Meghalaya PCB"
16-Jul-2019 - 00:00,,,,,,,,,,,,,,,,,,,,,,17-Jul-2019 - 00:00,"Lumpyngngad, Shillong - Meghalaya PCB"
17-Jul-2019 - 00:00,,,,,,,,,,,,,,,,,,,,,,18-Jul-2019 - 00:00,"Lumpyngngad, Shillong - Meghalaya PCB"
18-Jul-2019 - 00:00,,,,,,,,,,,,,,,,,,,,,,19-Jul-2019 - 00:00,"Lumpyngngad, Shillong - Meghalaya PCB"
19-Jul-2019 - 00:00,,,,,,,,,,,,,,,,,,,,,,20-Jul-2019 - 00:00,"Lumpyngngad, Shillong - Meghalaya PCB"
20-Jul-2019 - 00:00,,,,,,,,,,,,,,,,,,,,,,21-Jul-2019 - 00:00,"Lumpyngngad, Shillong - Meghalaya PCB"
21-Jul-2019 - 00:00,,,,,,,,,,,,,,,,,,,,,,22-Jul-2019 - 00:00,"Lumpyngngad, Shillong - Meghalaya PCB"
22-Jul-2019 - 00:00,,,,,,,,,,,,,,,,,,,,,,23-Jul-2019 - 00:00,"Lumpyngngad, Shillong - Meghalaya PCB"
23-Jul-2019 - 00:00,,,,,,,,,,,,,,,,,,,,,,24-Jul-2019 - 00:00,"Lumpyngngad, Shillong - Meghalaya PCB"
24-Jul-2019 - 00:00,,,,,,,,,,,,,,,,,,,,,,25-Jul-2019 - 00:00,"Lumpyngngad, Shillong - Meghalaya PCB"
25-Jul-2019 - 00:00,,,,,,,,,,,,,,,,,,,,,,26-Jul-2019 - 00:00,"Lumpyngngad, Shillong - Meghalaya PCB"
26-Jul-2019 - 00:00,,,,,,,,,,,,,,,,,,,,,,27-Jul-2019 - 00:00,"Lumpyngngad, Shillong - Meghalaya PCB"
27-Jul-2019 - 00:00,,,,,,,,,,,,,,,,,,,,,,28-Jul-2019 - 00:00,"Lumpyngngad, Shillong - Meghalaya PCB"
28-Jul-2019 - 00:00,,,,,,,,,,,,,,,,,,,,,,29-Jul-2019 - 00:00,"Lumpyngngad, Shillong - Meghalaya PCB"
29-Jul-2019 - 00:00,,,,,,,,,,,,,,,,,,,,,,30-Jul-2019 - 00:00,"Lumpyngngad, Shillong - Meghalaya PCB"
30-Jul-2019 - 00:00,,,,,,,,,,,,,,,,,,,,,,31-Jul-2019 - 00:00,"Lumpyngngad, Shillong - Meghalaya PCB"
31-Jul-2019 - 00:00,,,,,,,,,,,,,,,,,,,,,,01-Aug-2019 - 00:00,"Lumpyngngad, Shillong - Meghalaya PCB"
01-Aug-2019 - 00:00,,,,,,,,,,,,,,,,,,,,,,02-Aug-2019 - 00:00,"Lumpyngngad, Shillong - Meghalaya PCB"
02-Aug-2019 - 00:00,,,,,,,,,,,,,,,,,,,,,,03-Aug-2019 - 00:00,"Lumpyngngad, Shillong - Meghalaya PCB"
03-Aug-2019 - 00:00,,,,,,,,,,,,,,,,,,,,,,04-Aug-2019 - 00:00,"Lumpyngngad, Shillong - Meghalaya PCB"
04-Aug-2019 - 00:00,,,,,,,,,,,,,,,,,,,,,,05-Aug-2019 - 00:00,"Lumpyngngad, Shillong - Meghalaya PCB"
05-Aug-2019 - 00:00,,,,,,,,,,,,,,,,,,,,,,06-Aug-2019 - 00:00,"Lumpyngngad, Shillong - Meghalaya PCB"
06-Aug-2019 - 00:00,,,,,,,,,,,,,,,,,,,,,,07-Aug-2019 - 00:00,"Lumpyngngad, Shillong - Meghalaya PCB"
07-Aug-2019 - 00:00,,,,,,,,,,,,,,,,,,,,,,08-Aug-2019 - 00:00,"Lumpyngngad, Shillong - Meghalaya PCB"
08-Aug-2019 - 00:00,,,,,,,,,,,,,,,,,,,,,,09-Aug-2019 - 00:00,"Lumpyngngad, Shillong - Meghalaya PCB"
09-Aug-2019 - 00:00,,,,,,,,,,,,,,,,,,,,,,10-Aug-2019 - 00:00,"Lumpyngngad, Shillong - Meghalaya PCB"
10-Aug-2019 - 00:00,,,,,,,,,,,,,,,,,,,,,,11-Aug-2019 - 00:00,"Lumpyngngad, Shillong - Meghalaya PCB"
11-Aug-2019 - 00:00,,,,,,,,,,,,,,,,,,,,,,12-Aug-2019 - 00:00,"Lumpyngngad, Shillong - Meghalaya PCB"
12-Aug-2019 - 00:00,,,,,,,,,,,,,,,,,,,,,,13-Aug-2019 - 00:00,"Lumpyngngad, Shillong - Meghalaya PCB"
13-Aug-2019 - 00:00,,,,,,,,,,,,,,,,,,,,,,14-Aug-2019 - 00:00,"Lumpyngngad, Shillong - Meghalaya PCB"
14-Aug-2019 - 00:00,,,,,,,,,,,,,,,,,,,,,,15-Aug-2019 - 00:00,"Lumpyngngad, Shillong - Meghalaya PCB"
15-Aug-2019 - 00:00,,,,,,,,,,,,,,,,,,,,,,16-Aug-2019 - 00:00,"Lumpyngngad, Shillong - Meghalaya PCB"
16-Aug-2019 - 00:00,,,,,,,,,,,,,,,,,,,,,,17-Aug-2019 - 00:00,"Lumpyngngad, Shillong - Meghalaya PCB"
17-Aug-2019 - 00:00,,,,,,,,,,,,,,,,,,,,,,18-Aug-2019 - 00:00,"Lumpyngngad, Shillong - Meghalaya PCB"
18-Aug-2019 - 00:00,,,,,,,,,,,,,,,,,,,,,,19-Aug-2019 - 00:00,"Lumpyngngad, Shillong - Meghalaya PCB"
19-Aug-2019 - 00:00,,,,,,,,,,,,,,,,,,,,,,20-Aug-2019 - 00:00,"Lumpyngngad, Shillong - Meghalaya PCB"
20-Aug-2019 - 00:00,,,,,,,,,,,,,,,,,,,,,,21-Aug-2019 - 00:00,"Lumpyngngad, Shillong - Meghalaya PCB"
21-Aug-2019 - 00:00,,,,,,,,,,,,,,,,,,,,,,22-Aug-2019 - 00:00,"Lumpyngngad, Shillong - Meghalaya PCB"
22-Aug-2019 - 00:00,,,,,,,,,,,,,,,,,,,,,,23-Aug-2019 - 00:00,"Lumpyngngad, Shillong - Meghalaya PCB"
23-Aug-2019 - 00:00,,,,,,,,,,,,,,,,,,,,,,24-Aug-2019 - 00:00,"Lumpyngngad, Shillong - Meghalaya PCB"
24-Aug-2019 - 00:00,,,,,,,,,,,,,,,,,,,,,,25-Aug-2019 - 00:00,"Lumpyngngad, Shillong - Meghalaya PCB"
25-Aug-2019 - 00:00,,,,,,,,,,,,,,,,,,,,,,26-Aug-2019 - 00:00,"Lumpyngngad, Shillong - Meghalaya PCB"
26-Aug-2019 - 00:00,,,,,,,,,,,,,,,,,,,,,,27-Aug-2019 - 00:00,"Lumpyngngad, Shillong - Meghalaya PCB"
27-Aug-2019 - 00:00,28.73,37.0,3.56,1.27,1.38,3.66,4.98,0.34,32.59,0.31,,0.49,0.28,,,,,,,,0.0,28-Aug-2019 - 00:00,"Lumpyngngad, Shillong - Meghalaya PCB"
28-Aug-2019 - 00:00,18.5,27.24,3.5,1.28,1.32,3.64,5.18,0.3,28.66,0.22,0.67,0.53,0.29,0.29,,,,,,,0.0,29-Aug-2019 - 00:00,"Lumpyngngad, Shillong - Meghalaya PCB"
29-Aug-2019 - 00:00,17.55,25.29,3.55,1.33,1.29,3.63,5.86,0.31,33.39,0.11,0.57,0.56,0.27,0.19,,,,,,,0.0,30-Aug-2019 - 00:00,"Lumpyngngad, Shillong - Meghalaya PCB"
30-Aug-2019 - 00:00,17.45,25.37,3.48,1.31,1.27,3.65,5.97,0.34,27.61,0.09,0.17,0.46,0.2,0.26,,,,,,,0.0,31-Aug-2019 - 00:00,"Lumpyngngad, Shillong - Meghalaya PCB"
31-Aug-2019 - 00:00,16.87,25.17,3.54,1.32,1.3,3.64,5.84,0.29,22.02,0.19,0.19,0.44,0.33,0.21,,,,,,,0.0,01-Sep-2019 - 00:00,"Lumpyngngad, Shillong - Meghalaya PCB"
01-Sep-2019 - 00:00,8.81,14.24,3.52,1.31,1.3,3.63,5.77,0.23,29.64,0.1,0.75,0.29,0.17,0.15,,,,,,,0.0,02-Sep-2019 - 00:00,"Lumpyngngad, Shillong - Meghalaya PCB"
02-Sep-2019 - 00:00,914.64,985.0,3.61,1.31,1.37,3.63,5.56,0.23,27.74,0.14,0.98,0.32,0.18,0.16,,,,,,,0.0,03-Sep-2019 - 00:00,"Lumpyngngad, Shillong - Meghalaya PCB"
03-Sep-2019 - 00:00,917.77,985.0,3.55,1.25,1.41,3.64,5.53,0.19,25.34,0.13,0.88,0.26,0.12,0.13,,,,,,,0.0,04-Sep-2019 - 00:00,"Lumpyngngad, Shillong - Meghalaya PCB"
04-Sep-2019 - 00:00,235.12,323.47,3.63,1.28,1.44,3.66,5.12,0.29,18.51,0.28,1.47,0.68,0.19,0.25,,,,,,,0.0,05-Sep-2019 - 00:00,"Lumpyngngad, Shillong - Meghalaya PCB"
05-Sep-2019 - 00:00,7.61,13.93,3.59,1.25,1.45,3.64,4.98,0.26,20.98,0.23,1.28,0.59,0.18,0.21,,,,,,,0.0,06-Sep-2019 - 00:00,"Lumpyngngad, Shillong - Meghalaya PCB"
06-Sep-2019 - 00:00,8.14,16.47,3.54,1.22,1.45,3.65,4.93,0.28,18.72,0.32,1.34,0.58,0.21,0.23,,,,,,,0.0,07-Sep-2019 - 00:00,"Lumpyngngad, Shillong - Meghalaya PCB"
07-Sep-2019 - 00:00,3.44,8.88,3.55,1.23,1.44,3.64,5.01,0.18,25.44,0.13,0.78,0.34,0.11,0.13,,,,,,,0.0,08-Sep-2019 - 00:00,"Lumpyngngad, Shillong - Meghalaya PCB"
08-Sep-2019 - 00:00,3.23,8.27,3.58,1.26,1.43,3.65,5.12,0.17,29.23,0.13,0.77,0.34,0.11,0.14,,,,,,,0.0,09-Sep-2019 - 00:00,"Lumpyngngad, Shillong - Meghalaya PCB"
09-Sep-2019 - 00:00,3.77,10.51,3.54,1.22,1.44,3.65,5.14,0.21,29.76,0.15,0.82,0.37,0.11,0.14,,,,,,,0.0,10-Sep-2019 - 00:00,"Lumpyngngad, Shillong - Meghalaya PCB"
10-Sep-2019 - 00:00,10.06,16.41,3.53,1.21,1.45,3.65,5.51,0.24,30.33,0.19,0.83,0.43,0.15,0.17,,,,,,,0.0,11-Sep-2019 - 00:00,"Lumpyngngad, Shillong - Meghalaya PCB"
11-Sep-2019 - 00:00,10.56,20.27,3.55,1.29,1.35,3.65,6.12,0.29,23.89,0.24,0.71,0.43,0.19,0.21,,,,,,,,12-Sep-2019 - 00:00,"Lumpyngngad, Shillong - Meghalaya PCB"
12-Sep-2019 - 00:00,5.41,10.65,3.52,1.3,1.33,3.64,5.64,0.24,24.03,0.17,1.02,0.41,0.17,0.19,,,,,,,,13-Sep-2019 - 00:00,"Lumpyngngad, Shillong - Meghalaya PCB"
13-Sep-2019 - 00:00,7.49,14.0,3.6,1.27,1.44,3.64,5.12,0.33,23.48,0.28,1.18,0.57,0.19,0.24,,,,,,,,14-Sep-2019 - 00:00,"Lumpyngngad, Shillong - Meghalaya PCB"
14-Sep-2019 - 00:00,6.22,13.44,3.48,1.17,1.45,3.64,5.23,0.16,36.22,0.1,0.44,0.19,0.03,0.05,,,,,,,,15-Sep-2019 - 00:00,"Lumpyngngad, Shillong - Meghalaya PCB"
15-Sep-2019 - 00:00,8.57,16.63,3.58,1.23,1.46,3.64,5.27,0.18,41.45,0.12,0.49,0.19,0.04,0.06,,,,,,,,16-Sep-2019 - 00:00,"Lumpyngngad, Shillong - Meghalaya PCB"
16-Sep-2019 - 00:00,9.72,18.53,3.57,1.19,1.5,3.65,5.2,0.2,42.91,0.14,0.49,0.23,0.07,0.07,,,,,,,,17-Sep-2019 - 00:00,"Lumpyngngad, Shillong - Meghalaya PCB"
17-Sep-2019 - 00:00,12.06,22.68,3.54,1.22,1.44,3.64,5.35,0.23,28.84,0.2,0.73,0.37,0.13,0.14,,,,,,,,18-Sep-2019 - 00:00,"Lumpyngngad, Shillong - Meghalaya PCB"
18-Sep-2019 - 00:00,13.51,23.69,5.18,3.01,0.98,3.66,5.4,0.22,34.69,0.21,0.65,0.31,0.13,0.11,,,,,,,,19-Sep-2019 - 00:00,"Lumpyngngad, Shillong - Meghalaya PCB"
19-Sep-2019 - 00:00,13.15,23.86,3.35,1.38,1.28,3.66,5.53,0.27,31.1,0.27,0.83,0.46,0.18,0.19,,,,,,,,20-Sep-2019 - 00:00,"Lumpyngngad, Shillong - Meghalaya PCB"
20-Sep-2019 - 00:00,18.48,28.66,3.55,1.23,1.45,3.64,5.64,0.33,24.4,0.45,1.07,0.53,0.19,0.21,,,,,,,,21-Sep-2019 - 00:00,"Lumpyngngad, Shillong - Meghalaya PCB"
21-Sep-2019 - 00:00,19.02,27.78,3.55,1.19,1.49,3.66,5.69,0.28,23.46,0.38,0.97,0.41,0.18,0.19,,,,,,,,22-Sep-2019 - 00:00,"Lumpyngngad, Shillong - Meghalaya PCB"
22-Sep-2019 - 00:00,14.0,24.68,3.53,1.2,1.46,3.66,5.59,0.26,25.89,0.39,1.16,0.51,0.18,0.21,,,,,,,,23-Sep-2019 - 00:00,"Lumpyngngad, Shillong - Meghalaya PCB"
23-Sep-2019 - 00:00,10.62,19.37,3.6,1.19,1.52,3.65,5.54,0.36,30.8,0.37,1.3,0.69,0.26,0.27,,,,,,,,24-Sep-2019 - 00:00,"Lumpyngngad, Shillong - Meghalaya PCB"
24-Sep-2019 - 00:00,12.65,22.31,3.54,1.16,1.52,3.66,5.49,0.49,27.64,0.47,1.57,0.92,0.36,0.37,,,,,,,,25-Sep-2019 - 00:00,"Lumpyngngad, Shillong - Meghalaya PCB"
25-Sep-2019 - 00:00,6.57,13.86,3.53,1.16,1.51,3.66,5.47,0.43,24.76,0.39,1.42,0.88,0.33,0.34,,,,,,,,26-Sep-2019 - 00:00,"Lumpyngngad, Shillong - Meghalaya PCB"
26-Sep-2019 - 00:00,6.27,12.95,3.53,1.14,1.53,3.65,5.56,0.4,25.61,0.43,1.73,1.07,0.37,0.44,,,,,,,,27-Sep-2019 - 00:00,"Lumpyngngad, Shillong - Meghalaya PCB"
27-Sep-2019 - 00:00,12.73,21.52,3.59,1.17,1.55,3.66,5.66,0.46,26.62,0.48,1.34,0.84,0.31,0.33,,,,,,,,28-Sep-2019 - 00:00,"Lumpyngngad, Shillong - Meghalaya PCB"
28-Sep-2019 - 00:00,8.65,16.6,3.55,1.15,1.53,3.66,5.69,0.25,37.08,0.22,0.5,0.3,0.1,0.1,,,,,,,,29-Sep-2019 - 00:00,"Lumpyngngad, Shillong - Meghalaya PCB"
29-Sep-2019 - 00:00,7.48,14.58,3.55,1.13,1.55,3.66,5.62,0.25,34.35,0.19,0.51,0.29,0.07,0.1,,,,,,,,30-Sep-2019 - 00:00,"Lumpyngngad, Shillong - Meghalaya PCB"
30-Sep-2019 - 00:00,11.74,21.08,3.55,1.14,1.55,3.67,5.68,0.47,30.87,0.5,1.49,0.91,0.3,0.35,,,,,,,,01-Oct-2019 - 00:00,"Lumpyngngad, Shillong - Meghalaya PCB"
01-Oct-2019 - 00:00,4.55,9.83,3.58,1.16,1.53,3.68,5.69,0.32,31.4,0.25,0.8,0.53,0.15,0.19,,,,,,,,02-Oct-2019 - 00:00,"Lumpyngngad, Shillong - Meghalaya PCB"
02-Oct-2019 - 00:00,14.64,21.72,3.57,1.12,1.58,3.66,5.75,0.29,39.83,0.33,0.61,0.36,0.09,0.12,,,,,,,,03-Oct-2019 - 00:00,"Lumpyngngad, Shillong - Meghalaya PCB"
03-Oct-2019 - 00:00,16.85,27.0,3.55,1.12,1.56,3.66,5.87,0.53,31.87,0.6,1.76,1.07,0.34,0.42,,,,,,,,04-Oct-2019 - 00:00,"Lumpyngngad, Shillong - Meghalaya PCB"
04-Oct-2019 - 00:00,17.74,26.67,3.5,1.12,1.53,3.67,5.99,0.47,43.06,0.49,1.37,0.86,0.27,0.33,,,,,,,,05-Oct-2019 - 00:00,"Lumpyngngad, Shillong - Meghalaya PCB"
05-Oct-2019 - 00:00,7.53,32.97,3.51,1.13,0.56,3.61,5.75,0.3,40.94,0.11,0.13,0.08,0.0,0.03,,,,,,,,06-Oct-2019 - 00:00,"Lumpyngngad, Shillong - Meghalaya PCB"
06-Oct-2019 - 00:00,0.0,31.22,,,0.0,,5.5,0.27,50.3,0.0,0.0,0.0,0.0,0.0,,,,,,,,07-Oct-2019 - 00:00,"Lumpyngngad, Shillong - Meghalaya PCB"
07-Oct-2019 - 00:00,0.0,33.05,,,0.0,,5.56,0.3,45.04,0.0,0.0,0.0,0.0,0.0,,,,,,,,08-Oct-2019 - 00:00,"Lumpyngngad, Shillong - Meghalaya PCB"
08-Oct-2019 - 00:00,0.0,21.35,,,0.0,,5.46,0.3,39.46,0.0,0.0,0.0,0.0,0.0,,,,,,,,09-Oct-2019 - 00:00,"Lumpyngngad, Shillong - Meghalaya PCB"
09-Oct-2019 - 00:00,0.0,27.67,,,0.0,,5.55,0.53,34.69,0.0,0.0,0.0,0.0,0.0,,,,,,,,10-Oct-2019 - 00:00,"Lumpyngngad, Shillong - Meghalaya PCB"
10-Oct-2019 - 00:00,0.0,20.25,,,0.0,,5.58,0.48,31.7,0.0,0.0,0.0,0.0,0.0,,,,,,,,11-Oct-2019 - 00:00,"Lumpyngngad, Shillong - Meghalaya PCB"
11-Oct-2019 - 00:00,6.35,20.67,3.63,1.22,0.85,3.62,5.78,0.45,29.14,0.0,0.0,0.0,0.0,0.0,,,,,,,,12-Oct-2019 - 00:00,"Lumpyngngad, Shillong - Meghalaya PCB"
12-Oct-2019 - 00:00,21.61,35.35,3.58,1.14,1.58,3.66,6.15,0.31,36.83,0.0,0.0,0.0,0.0,0.0,,,,,,,,13-Oct-2019 - 00:00,"Lumpyngngad, Shillong - Meghalaya PCB"
13-Oct-2019 - 00:00,17.08,27.02,3.55,1.16,1.51,3.65,6.27,0.26,35.8,0.0,0.0,0.0,0.0,0.0,,,,,,,,14-Oct-2019 - 00:00,"Lumpyngngad, Shillong - Meghalaya PCB"
14-Oct-2019 - 00:00,17.79,31.75,3.55,1.18,1.49,3.65,6.45,0.31,36.3,3.61,3.8,9.03,8.84,8.87,,,,,,,,15-Oct-2019 - 00:00,"Lumpyngngad, Shillong - Meghalaya PCB"
15-Oct-2019 - 00:00,13.5,23.67,3.55,1.14,1.55,3.65,6.39,0.3,35.93,0.26,0.6,0.3,0.08,0.15,,,,,,,,16-Oct-2019 - 00:00,"Lumpyngngad, Shillong - Meghalaya PCB"
16-Oct-2019 - 00:00,16.89,27.49,3.56,1.15,1.55,3.67,6.5,0.33,31.19,0.33,0.6,0.29,0.05,0.13,,,,,,,,17-Oct-2019 - 00:00,"Lumpyngngad, Shillong - Meghalaya PCB"
17-Oct-2019 - 00:00,20.19,30.95,3.54,1.15,1.52,3.62,6.61,0.37,33.16,0.44,0.64,0.3,0.06,0.13,,,,,,,,18-Oct-2019 - 00:00,"Lumpyngngad, Shillong - Meghalaya PCB"
18-Oct-2019 - 00:00,23.28,33.14,3.56,1.12,1.58,3.65,6.5,0.43,37.54,0.5,0.84,0.43,0.12,0.19,,,,,,,,19-Oct-2019 - 00:00,"Lumpyngngad, Shillong - Meghalaya PCB"
19-Oct-2019 - 00:00,27.43,40.11,3.58,1.13,1.59,3.65,6.59,0.31,43.44,0.32,0.36,0.15,0.02,0.06,,,,,,,,20-Oct-2019 - 00:00,"Lumpyngngad, Shillong - Meghalaya PCB"
20-Oct-2019 - 00:00,33.91,46.34,3.51,1.14,1.51,3.64,6.59,0.29,51.52,0.23,0.38,0.16,0.01,0.08,,,,,,,,21-Oct-2019 - 00:00,"Lumpyngngad, Shillong - Meghalaya PCB"
21-Oct-2019 - 00:00,22.52,36.54,3.57,1.14,1.57,3.67,6.74,0.22,83.96,0.09,0.16,0.05,0.0,0.09,,,,,,,,22-Oct-2019 - 00:00,"Lumpyngngad, Shillong - Meghalaya PCB"
22-Oct-2019 - 00:00,25.1,42.69,3.53,1.13,1.54,3.65,6.8,0.31,66.93,0.24,0.57,0.33,0.09,0.15,,,,,,,,23-Oct-2019 - 00:00,"Lumpyngngad, Shillong - Meghalaya PCB"
23-Oct-2019 - 00:00,34.47,56.53,3.53,1.15,1.51,3.66,7.03,0.48,49.42,0.52,1.03,0.63,0.2,0.26,16.94,0.96,184.58,73.24,835.4,,0.01,24-Oct-2019 - 00:00,"Lumpyngngad, Shillong - Meghalaya PCB"
24-Oct-2019 - 00:00,15.93,24.28,3.52,1.17,1.5,3.64,7.16,0.41,41.44,0.42,0.93,0.54,0.13,0.18,14.07,1.3,147.26,86.65,840.95,,0.69,25-Oct-2019 - 00:00,"Lumpyngngad, Shillong - Meghalaya PCB"
25-Oct-2019 - 00:00,7.62,16.35,3.57,1.13,1.57,3.68,6.53,0.37,26.96,0.39,0.84,0.47,0.1,0.14,14.16,0.54,168.38,97.64,840.06,,2.96,26-Oct-2019 - 00:00,"Lumpyngngad, Shillong - Meghalaya PCB"
26-Oct-2019 - 00:00,,,,,,,,,,,,,,,,,,,,,,27-Oct-2019 - 00:00,"Lumpyngngad, Shillong - Meghalaya PCB"
27-Oct-2019 - 00:00,,,,,,,,,,,,,,,,,,,,,,28-Oct-2019 - 00:00,"Lumpyngngad, Shillong - Meghalaya PCB"
28-Oct-2019 - 00:00,,,,,,,,,,,,,,,,,,,,,,29-Oct-2019 - 00:00,"Lumpyngngad, Shillong - Meghalaya PCB"
29-Oct-2019 - 00:00,,,,,,,,,,,,,,,,,,,,,,30-Oct-2019 - 00:00,"Lumpyngngad, Shillong - Meghalaya PCB"
30-Oct-2019 - 00:00,,,,,,,,,,,,,,,,,,,,,,31-Oct-2019 - 00:00,"Lumpyngngad, Shillong - Meghalaya PCB"
31-Oct-2019 - 00:00,,,,,,,,,,,,,,,,,,,,,,01-Nov-2019 - 00:00,"Lumpyngngad, Shillong - Meghalaya PCB"
01-Nov-2019 - 00:00,,,,,,,,,,,,,,,,,,,,,,02-Nov-2019 - 00:00,"Lumpyngngad, Shillong - Meghalaya PCB"
02-Nov-2019 - 00:00,,,,,,,,,,,,,,,,,,,,,,03-Nov-2019 - 00:00,"Lumpyngngad, Shillong - Meghalaya PCB"
03-Nov-2019 - 00:00,,,,,,,,,,,,,,,,,,,,,,04-Nov-2019 - 00:00,"Lumpyngngad, Shillong - Meghalaya PCB"
04-Nov-2019 - 00:00,,,,,,,,,,,,,,,,,,,,,,05-Nov-2019 - 00:00,"Lumpyngngad, Shillong - Meghalaya PCB"
05-Nov-2019 - 00:00,,,,,,,,,,,,,,,,,,,,,,06-Nov-2019 - 00:00,"Lumpyngngad, Shillong - Meghalaya PCB"
06-Nov-2019 - 00:00,,,,,,,,,,,,,,,,,,,,,,07-Nov-2019 - 00:00,"Lumpyngngad, Shillong - Meghalaya PCB"
07-Nov-2019 - 00:00,,,,,,,,,,,,,,,,,,,,,,08-Nov-2019 - 00:00,"Lumpyngngad, Shillong - Meghalaya PCB"
08-Nov-2019 - 00:00,,,,,,,,,,,,,,,,,,,,,,09-Nov-2019 - 00:00,"Lumpyngngad, Shillong - Meghalaya PCB"
09-Nov-2019 - 00:00,,,,,,,,,,,,,,,,,,,,,,10-Nov-2019 - 00:00,"Lumpyngngad, Shillong - Meghalaya PCB"
10-Nov-2019 - 00:00,,,,,,,,,,,,,,,,,,,,,,11-Nov-2019 - 00:00,"Lumpyngngad, Shillong - Meghalaya PCB"
11-Nov-2019 - 00:00,,,,,,,,,,,,,,,,,,,,,,12-Nov-2019 - 00:00,"Lumpyngngad, Shillong - Meghalaya PCB"
12-Nov-2019 - 00:00,,,,,,,,,,,,,,,,,,,,,,13-Nov-2019 - 00:00,"Lumpyngngad, Shillong - Meghalaya PCB"
13-Nov-2019 - 00:00,,,,,,,,,,,,,,,,,,,,,,14-Nov-2019 - 00:00,"Lumpyngngad, Shillong - Meghalaya PCB"
14-Nov-2019 - 00:00,,,,,,,,,,,,,,,,,,,,,,15-Nov-2019 - 00:00,"Lumpyngngad, Shillong - Meghalaya PCB"
15-Nov-2019 - 00:00,,,,,,,,,,,,,,,,,,,,,,16-Nov-2019 - 00:00,"Lumpyngngad, Shillong - Meghalaya PCB"
16-Nov-2019 - 00:00,,,,,,,,,,,,,,,,,,,,,,17-Nov-2019 - 00:00,"Lumpyngngad, Shillong - Meghalaya PCB"
17-Nov-2019 - 00:00,,,,,,,,,,,,,,,,,,,,,,18-Nov-2019 - 00:00,"Lumpyngngad, Shillong - Meghalaya PCB"
18-Nov-2019 - 00:00,,,,,,,,,,,,,,,,,,,,,,19-Nov-2019 - 00:00,"Lumpyngngad, Shillong - Meghalaya PCB"
19-Nov-2019 - 00:00,,,,,,,,,,,,,,,,,,,,,,20-Nov-2019 - 00:00,"Lumpyngngad, Shillong - Meghalaya PCB"
20-Nov-2019 - 00:00,,,,,,,,,,,,,,,,,,,,,,21-Nov-2019 - 00:00,"Lumpyngngad, Shillong - Meghalaya PCB"
21-Nov-2019 - 00:00,,,2.67,0.85,0.12,2.91,6.37,0.02,27.42,0.03,0.05,0.03,0.01,0.01,17.7,2.64,120.03,24.46,,427.85,0.0,22-Nov-2019 - 00:00,"Lumpyngngad, Shillong - Meghalaya PCB"
22-Nov-2019 - 00:00,9.97,12.93,1.45,0.48,0.53,1.48,3.32,0.29,8.56,0.46,1.09,0.76,0.26,0.3,5.65,1.91,75.08,34.9,,14.0,0.0,23-Nov-2019 - 00:00,"Lumpyngngad, Shillong - Meghalaya PCB"
23-Nov-2019 - 00:00,6.54,8.7,0.96,0.29,0.35,0.98,2.1,0.06,9.0,0.12,0.08,0.07,0.03,0.02,3.6,1.46,55.7,21.54,,33.39,0.0,24-Nov-2019 - 00:00,"Lumpyngngad, Shillong - Meghalaya PCB"
24-Nov-2019 - 00:00,12.42,18.59,1.8,0.57,0.71,1.84,3.89,0.14,15.32,0.26,0.34,0.24,0.08,0.09,6.83,1.96,93.2,42.09,,46.73,0.0,25-Nov-2019 - 00:00,"Lumpyngngad, Shillong - Meghalaya PCB"
25-Nov-2019 - 00:00,12.72,17.13,1.7,0.53,0.68,1.78,3.76,0.18,11.66,0.3,0.42,0.31,0.09,0.11,6.63,1.92,82.82,41.86,,33.41,0.0,26-Nov-2019 - 00:00,"Lumpyngngad, Shillong - Meghalaya PCB"
26-Nov-2019 - 00:00,16.64,22.34,1.83,0.59,0.71,1.95,4.25,0.19,16.29,0.31,0.44,0.34,0.12,0.13,8.21,2.3,107.33,42.51,,71.87,0.0,27-Nov-2019 - 00:00,"Lumpyngngad, Shillong - Meghalaya PCB"
27-Nov-2019 - 00:00,13.7,18.51,1.72,0.56,0.59,1.74,3.79,0.19,12.01,0.27,0.23,0.19,0.06,0.06,7.03,2.13,89.7,36.79,,57.82,0.0,28-Nov-2019 - 00:00,"Lumpyngngad, Shillong - Meghalaya PCB"
28-Nov-2019 - 00:00,11.75,17.83,1.9,0.61,0.77,1.94,4.34,0.11,19.94,0.48,0.2,0.15,0.05,0.05,8.54,3.4,120.29,21.87,,41.0,0.0,29-Nov-2019 - 00:00,"Lumpyngngad, Shillong - Meghalaya PCB"
29-Nov-2019 - 00:00,4.14,2.87,2.58,0.85,0.93,2.65,5.89,0.17,31.84,0.5,0.27,0.18,0.07,0.06,11.14,5.33,161.82,26.42,,91.59,0.0,30-Nov-2019 - 00:00,"Lumpyngngad, Shillong - Meghalaya PCB"
30-Nov-2019 - 00:00,0.81,3.02,2.51,0.8,1.11,2.61,5.87,0.18,30.93,0.34,0.25,0.21,0.06,0.07,10.64,4.19,152.34,34.58,,102.81,0.0,01-Dec-2019 - 00:00,"Lumpyngngad, Shillong - Meghalaya PCB"
01-Dec-2019 - 00:00,,,2.44,0.77,1.08,2.48,5.57,0.19,36.66,0.32,0.21,0.16,0.03,0.04,8.87,3.99,147.22,42.24,,91.72,0.0,02-Dec-2019 - 00:00,"Lumpyngngad, Shillong - Meghalaya PCB"
02-Dec-2019 - 00:00,,,2.47,0.77,1.1,2.53,5.6,0.26,25.47,0.43,0.45,0.34,0.09,0.11,8.02,3.31,120.09,51.59,,73.23,0.0,03-Dec-2019 - 00:00,"Lumpyngngad, Shillong - Meghalaya PCB"
03-Dec-2019 - 00:00,5.92,9.08,1.89,0.6,0.74,1.98,4.5,0.21,15.67,0.35,0.51,0.4,0.12,0.15,5.39,2.34,87.91,46.76,,43.2,0.0,04-Dec-2019 - 00:00,"Lumpyngngad, Shillong - Meghalaya PCB"
04-Dec-2019 - 00:00,4.28,2.05,1.25,0.41,0.51,1.3,3.01,0.14,9.67,0.21,0.36,0.31,0.08,0.11,4.97,1.87,69.71,31.39,,10.23,0.0,05-Dec-2019 - 00:00,"Lumpyngngad, Shillong - Meghalaya PCB"
05-Dec-2019 - 00:00,2.5,4.21,1.88,0.57,0.85,1.94,4.4,0.15,24.99,0.26,0.26,0.21,0.05,0.07,7.29,3.87,89.33,27.0,,76.91,0.0,06-Dec-2019 - 00:00,"Lumpyngngad, Shillong - Meghalaya PCB"
06-Dec-2019 - 00:00,1.03,1.75,1.88,0.6,0.82,1.93,4.34,0.15,27.71,0.22,0.18,0.16,0.06,0.06,7.38,3.11,102.96,23.83,,71.69,0.0,07-Dec-2019 - 00:00,"Lumpyngngad, Shillong - Meghalaya PCB"
07-Dec-2019 - 00:00,2.69,4.74,1.69,0.55,0.71,1.75,3.96,0.13,23.29,0.19,0.14,0.12,0.04,0.04,6.62,3.17,87.03,26.52,,66.17,0.0,08-Dec-2019 - 00:00,"Lumpyngngad, Shillong - Meghalaya PCB"
08-Dec-2019 - 00:00,13.22,2.08,1.81,0.58,0.78,1.84,4.15,0.14,23.72,0.19,0.17,0.1,0.01,0.02,6.09,2.76,96.54,32.78,,55.29,0.0,09-Dec-2019 - 00:00,"Lumpyngngad, Shillong - Meghalaya PCB"
09-Dec-2019 - 00:00,7.98,9.74,1.86,0.6,0.79,1.9,4.28,0.33,22.44,0.42,0.98,0.69,0.2,0.27,5.92,2.59,112.01,39.56,,40.38,0.01,10-Dec-2019 - 00:00,"Lumpyngngad, Shillong - Meghalaya PCB"
10-Dec-2019 - 00:00,11.58,13.08,1.63,0.51,0.72,1.68,3.79,0.2,14.39,0.35,0.28,0.19,0.05,0.06,4.78,1.74,95.19,39.27,,20.74,0.0,11-Dec-2019 - 00:00,"Lumpyngngad, Shillong - Meghalaya PCB"
11-Dec-2019 - 00:00,20.26,9.35,1.69,0.53,0.73,1.75,3.96,0.39,18.08,0.52,0.88,0.6,0.18,0.22,4.88,2.0,97.13,40.04,,33.58,0.0,12-Dec-2019 - 00:00,"Lumpyngngad, Shillong - Meghalaya PCB"
12-Dec-2019 - 00:00,13.41,8.72,1.61,0.52,0.68,1.66,3.72,0.15,17.42,0.28,0.22,0.15,0.02,0.02,4.75,2.15,71.86,35.92,,40.37,0.0,13-Dec-2019 - 00:00,"Lumpyngngad, Shillong - Meghalaya PCB"
13-Dec-2019 - 00:00,2.76,4.68,2.29,0.73,1.01,2.31,5.33,0.17,29.17,0.25,0.13,0.09,0.02,0.01,7.51,4.55,115.38,42.89,,71.08,0.0,14-Dec-2019 - 00:00,"Lumpyngngad, Shillong - Meghalaya PCB"
14-Dec-2019 - 00:00,3.71,6.12,2.06,0.67,0.88,2.11,5.09,0.18,27.36,0.28,0.15,0.11,0.03,0.03,7.2,3.17,132.26,32.44,,57.73,0.0,15-Dec-2019 - 00:00,"Lumpyngngad, Shillong - Meghalaya PCB"
15-Dec-2019 - 00:00,18.32,20.64,2.1,0.68,0.87,2.13,5.25,0.23,24.1,0.35,0.16,0.11,0.02,0.0,6.83,2.79,117.91,48.2,,34.8,0.0,16-Dec-2019 - 00:00,"Lumpyngngad, Shillong - Meghalaya PCB"
16-Dec-2019 - 00:00,7.87,12.72,1.89,0.61,0.81,1.93,4.79,0.22,26.83,0.27,0.29,0.2,0.07,0.07,6.0,2.92,116.91,39.16,,30.8,0.01,17-Dec-2019 - 00:00,"Lumpyngngad, Shillong - Meghalaya PCB"
17-Dec-2019 - 00:00,12.77,14.36,2.03,0.65,0.87,2.13,5.08,0.24,27.19,0.32,0.33,0.24,0.07,0.08,6.01,2.98,119.43,35.7,,53.69,0.0,18-Dec-2019 - 00:00,"Lumpyngngad, Shillong - Meghalaya PCB"
18-Dec-2019 - 00:00,12.63,20.75,1.99,0.63,0.86,2.03,4.76,0.16,24.28,0.28,0.14,0.11,0.01,0.0,5.37,2.94,81.8,39.24,,65.98,0.0,19-Dec-2019 - 00:00,"Lumpyngngad, Shillong - Meghalaya PCB"
19-Dec-2019 - 00:00,4.95,5.46,1.71,0.56,0.73,1.76,4.12,0.17,17.05,0.31,0.15,0.09,0.01,0.02,4.78,2.18,73.71,34.93,,54.85,0.0,20-Dec-2019 - 00:00,"Lumpyngngad, Shillong - Meghalaya PCB"
20-Dec-2019 - 00:00,4.97,6.56,1.61,0.51,0.7,1.66,3.99,0.2,19.11,0.3,0.25,0.19,0.04,0.06,4.65,1.87,76.43,30.58,,46.68,0.0,21-Dec-2019 - 00:00,"Lumpyngngad, Shillong - Meghalaya PCB"
21-Dec-2019 - 00:00,2.03,3.45,0.78,0.25,0.31,0.8,1.96,0.09,9.43,0.17,0.15,0.07,0.02,0.03,2.12,0.86,40.68,13.05,,23.01,0.0,22-Dec-2019 - 00:00,"Lumpyngngad, Shillong - Meghalaya PCB"
22-Dec-2019 - 00:00,4.09,2.17,0.82,0.28,0.31,0.86,2.11,0.1,10.05,0.16,0.15,0.09,0.02,0.03,2.56,1.01,51.55,14.19,,28.52,0.0,23-Dec-2019 - 00:00,"Lumpyngngad, Shillong - Meghalaya PCB"
23-Dec-2019 - 00:00,8.53,10.96,1.43,0.46,0.61,1.48,3.58,0.18,13.82,0.27,0.33,0.21,0.06,0.07,3.79,1.39,71.37,30.43,,30.28,0.0,24-Dec-2019 - 00:00,"Lumpyngngad, Shillong - Meghalaya PCB"
24-Dec-2019 - 00:00,20.9,24.28,2.23,0.72,0.96,2.31,5.66,0.25,22.83,0.42,0.27,0.17,0.02,0.03,6.18,2.61,135.63,51.48,,59.84,0.0,25-Dec-2019 - 00:00,"Lumpyngngad, Shillong - Meghalaya PCB"
25-Dec-2019 - 00:00,25.72,39.93,2.88,0.9,1.27,2.97,7.33,0.26,35.97,0.39,0.18,0.11,0.0,0.01,7.54,4.21,169.63,58.29,,121.42,0.0,26-Dec-2019 - 00:00,"Lumpyngngad, Shillong - Meghalaya PCB"
26-Dec-2019 - 00:00,12.52,12.57,2.13,0.66,0.94,2.21,5.4,0.18,37.15,0.25,0.11,0.07,0.01,0.01,4.79,4.13,137.38,39.23,,56.0,0.0,27-Dec-2019 - 00:00,"Lumpyngngad, Shillong - Meghalaya PCB"
27-Dec-2019 - 00:00,9.52,,2.28,0.71,0.98,2.32,5.69,0.19,33.33,0.24,0.1,0.07,0.0,0.0,4.6,3.25,132.73,51.35,,22.3,0.03,28-Dec-2019 - 00:00,"Lumpyngngad, Shillong - Meghalaya PCB"
28-Dec-2019 - 00:00,12.2,,2.25,0.72,0.95,2.35,5.76,0.16,30.97,0.23,0.12,0.07,0.01,0.01,5.1,2.76,100.86,48.89,,83.18,0.0,29-Dec-2019 - 00:00,"Lumpyngngad, Shillong - Meghalaya PCB"
29-Dec-2019 - 00:00,8.77,,2.25,0.71,0.97,2.33,5.8,0.17,35.27,0.2,0.12,0.08,0.0,0.01,6.59,3.6,102.52,31.73,,92.36,0.0,30-Dec-2019 - 00:00,"Lumpyngngad, Shillong - Meghalaya PCB"
30-Dec-2019 - 00:00,6.27,,2.04,0.64,0.88,2.11,5.24,0.14,37.67,0.15,0.18,0.06,0.01,0.01,6.26,3.96,101.91,29.21,,81.41,0.0,31-Dec-2019 - 00:00,"Lumpyngngad, Shillong - Meghalaya PCB"
31-Dec-2019 - 00:00,,,,,,,,,,,,,,,,,118.78,,,,,01-Jan-2020 - 00:00,"Lumpyngngad, Shillong - Meghalaya PCB"
