from date,PM2.5,PM10,NO2,NO,NOx,NH3,SO2,CO,Ozone,Benzene,MP-Xylene,Eth-Benzene,AT,RH,BP,SR,WS,WD,to date,station
01-Jan-2019 - 00:00,,,,,,,,,,,,,,,,,,,02-Jan-2019 - 00:00,"Mahape, Navi Mumbai - MPCB"
02-Jan-2019 - 00:00,,,,,,,,,,,,,,,,,,,03-Jan-2019 - 00:00,"Mahape, Navi Mumbai - MPCB"
03-Jan-2019 - 00:00,,,,,,,,,,,,,,,,,,,04-Jan-2019 - 00:00,"Mahape, Navi Mumbai - MPCB"
04-Jan-2019 - 00:00,,,,,,,,,,,,,,,,,,,05-Jan-2019 - 00:00,"Mahape, Navi Mumbai - MPCB"
05-Jan-2019 - 00:00,,,,,,,,,,,,,,,,,,,06-Jan-2019 - 00:00,"Mahape, Navi Mumbai - MPCB"
06-Jan-2019 - 00:00,,,,,,,,,,,,,,,,,,,07-Jan-2019 - 00:00,"Mahape, Navi Mumbai - MPCB"
07-Jan-2019 - 00:00,,,,,,,,,,,,,,,,,,,08-Jan-2019 - 00:00,"Mahape, Navi Mumbai - MPCB"
08-Jan-2019 - 00:00,,,,,,,,,,,,,,,,,,,09-Jan-2019 - 00:00,"Mahape, Navi Mumbai - MPCB"
09-Jan-2019 - 00:00,,,,,,,,,,,,,,,,,,,10-Jan-2019 - 00:00,"Mahape, Navi Mumbai - MPCB"
10-Jan-2019 - 00:00,,,,,,,,,,,,,,,,,,,11-Jan-2019 - 00:00,"Mahape, Navi Mumbai - MPCB"
11-Jan-2019 - 00:00,,,,,,,,,,,,,,,,,,,12-Jan-2019 - 00:00,"Mahape, Navi Mumbai - MPCB"
12-Jan-2019 - 00:00,,,,,,,,,,,,,,,,,,,13-Jan-2019 - 00:00,"Mahape, Navi Mumbai - MPCB"
13-Jan-2019 - 00:00,,,,,,,,,,,,,,,,,,,14-Jan-2019 - 00:00,"Mahape, Navi Mumbai - MPCB"
14-Jan-2019 - 00:00,,,,,,,,,,,,,,,,,,,15-Jan-2019 - 00:00,"Mahape, Navi Mumbai - MPCB"
15-Jan-2019 - 00:00,,,,,,,,,,,,,,,,,,,16-Jan-2019 - 00:00,"Mahape, Navi Mumbai - MPCB"
16-Jan-2019 - 00:00,,,,,,,,,,,,,,,,,,,17-Jan-2019 - 00:00,"Mahape, Navi Mumbai - MPCB"
17-Jan-2019 - 00:00,,,,,,,,,,,,,,,,,,,18-Jan-2019 - 00:00,"Mahape, Navi Mumbai - MPCB"
18-Jan-2019 - 00:00,,,,,,,,,,,,,,,,,,,19-Jan-2019 - 00:00,"Mahape, Navi Mumbai - MPCB"
19-Jan-2019 - 00:00,,,,,,,,,,,,,,,,,,,20-Jan-2019 - 00:00,"Mahape, Navi Mumbai - MPCB"
20-Jan-2019 - 00:00,,,,,,,,,,,,,,,,,,,21-Jan-2019 - 00:00,"Mahape, Navi Mumbai - MPCB"
21-Jan-2019 - 00:00,,,,,,,,,,,,,,,,,,,22-Jan-2019 - 00:00,"Mahape, Navi Mumbai - MPCB"
22-Jan-2019 - 00:00,,,,,,,,,,,,,,,,,,,23-Jan-2019 - 00:00,"Mahape, Navi Mumbai - MPCB"
23-Jan-2019 - 00:00,,,,,,,,,,,,,,,,,,,24-Jan-2019 - 00:00,"Mahape, Navi Mumbai - MPCB"
24-Jan-2019 - 00:00,,,,,,,,,,,,,,,,,,,25-Jan-2019 - 00:00,"Mahape, Navi Mumbai - MPCB"
25-Jan-2019 - 00:00,,,,,,,,,,,,,,,,,,,26-Jan-2019 - 00:00,"Mahape, Navi Mumbai - MPCB"
26-Jan-2019 - 00:00,,,,,,,,,,,,,,,,,,,27-Jan-2019 - 00:00,"Mahape, Navi Mumbai - MPCB"
27-Jan-2019 - 00:00,,,,,,,,,,,,,,,,,,,28-Jan-2019 - 00:00,"Mahape, Navi Mumbai - MPCB"
28-Jan-2019 - 00:00,,,,,,,,,,,,,,,,,,,29-Jan-2019 - 00:00,"Mahape, Navi Mumbai - MPCB"
29-Jan-2019 - 00:00,,,,,,,,,,,,,,,,,,,30-Jan-2019 - 00:00,"Mahape, Navi Mumbai - MPCB"
30-Jan-2019 - 00:00,,,,,,,,,,,,,,,,,,,31-Jan-2019 - 00:00,"Mahape, Navi Mumbai - MPCB"
31-Jan-2019 - 00:00,,,,,,,,,,,,,,,,,,,01-Feb-2019 - 00:00,"Mahape, Navi Mumbai - MPCB"
01-Feb-2019 - 00:00,,,,,,,,,,,,,,,,,,,02-Feb-2019 - 00:00,"Mahape, Navi Mumbai - MPCB"
02-Feb-2019 - 00:00,,,,,,,,,,,,,,,,,,,03-Feb-2019 - 00:00,"Mahape, Navi Mumbai - MPCB"
03-Feb-2019 - 00:00,,,,,,,,,,,,,,,,,,,04-Feb-2019 - 00:00,"Mahape, Navi Mumbai - MPCB"
04-Feb-2019 - 00:00,,,,,,,,,,,,,,,,,,,05-Feb-2019 - 00:00,"Mahape, Navi Mumbai - MPCB"
05-Feb-2019 - 00:00,,,,,,,,,,,,,,,,,,,06-Feb-2019 - 00:00,"Mahape, Navi Mumbai - MPCB"
06-Feb-2019 - 00:00,,,,,,,,,,,,,,,,,,,07-Feb-2019 - 00:00,"Mahape, Navi Mumbai - MPCB"
07-Feb-2019 - 00:00,,,,,,,,,,,,,,,,,,,08-Feb-2019 - 00:00,"Mahape, Navi Mumbai - MPCB"
08-Feb-2019 - 00:00,,,,,,,,,,,,,,,,,,,09-Feb-2019 - 00:00,"Mahape, Navi Mumbai - MPCB"
09-Feb-2019 - 00:00,,,,,,,,,,,,,,,,,,,10-Feb-2019 - 00:00,"Mahape, Navi Mumbai - MPCB"
10-Feb-2019 - 00:00,,,,,,,,,,,,,,,,,,,11-Feb-2019 - 00:00,"Mahape, Navi Mumbai - MPCB"
11-Feb-2019 - 00:00,,,,,,,,,,,,,,,,,,,12-Feb-2019 - 00:00,"Mahape, Navi Mumbai - MPCB"
12-Feb-2019 - 00:00,,,,,,,,,,,,,,,,,,,13-Feb-2019 - 00:00,"Mahape, Navi Mumbai - MPCB"
13-Feb-2019 - 00:00,,,,,,,,,,,,,,,,,,,14-Feb-2019 - 00:00,"Mahape, Navi Mumbai - MPCB"
14-Feb-2019 - 00:00,,,,,,,,,,,,,,,,,,,15-Feb-2019 - 00:00,"Mahape, Navi Mumbai - MPCB"
15-Feb-2019 - 00:00,,,,,,,,,,,,,,,,,,,16-Feb-2019 - 00:00,"Mahape, Navi Mumbai - MPCB"
16-Feb-2019 - 00:00,,,,,,,,,,,,,,,,,,,17-Feb-2019 - 00:00,"Mahape, Navi Mumbai - MPCB"
17-Feb-2019 - 00:00,,,,,,,,,,,,,,,,,,,18-Feb-2019 - 00:00,"Mahape, Navi Mumbai - MPCB"
18-Feb-2019 - 00:00,,,,,,,,,,,,,,,,,,,19-Feb-2019 - 00:00,"Mahape, Navi Mumbai - MPCB"
19-Feb-2019 - 00:00,,,,,,,,,,,,,,,,,,,20-Feb-2019 - 00:00,"Mahape, Navi Mumbai - MPCB"
20-Feb-2019 - 00:00,,,,,,,,,,,,,,,,,,,21-Feb-2019 - 00:00,"Mahape, Navi Mumbai - MPCB"
21-Feb-2019 - 00:00,,,,,,,,,,,,,,,,,,,22-Feb-2019 - 00:00,"Mahape, Navi Mumbai - MPCB"
22-Feb-2019 - 00:00,,,,,,,,,,,,,,,,,,,23-Feb-2019 - 00:00,"Mahape, Navi Mumbai - MPCB"
23-Feb-2019 - 00:00,,,,,,,,,,,,,,,,,,,24-Feb-2019 - 00:00,"Mahape, Navi Mumbai - MPCB"
24-Feb-2019 - 00:00,,,,,,,,,,,,,,,,,,,25-Feb-2019 - 00:00,"Mahape, Navi Mumbai - MPCB"
25-Feb-2019 - 00:00,,,,,,,,,,,,,,,,,,,26-Feb-2019 - 00:00,"Mahape, Navi Mumbai - MPCB"
26-Feb-2019 - 00:00,,,,,,,,,,,,,,,,,,,27-Feb-2019 - 00:00,"Mahape, Navi Mumbai - MPCB"
27-Feb-2019 - 00:00,,,,,,,,,,,,,,,,,,,28-Feb-2019 - 00:00,"Mahape, Navi Mumbai - MPCB"
28-Feb-2019 - 00:00,,,,,,,,,,,,,,,,,,,01-Mar-2019 - 00:00,"Mahape, Navi Mumbai - MPCB"
01-Mar-2019 - 00:00,,,,,,,,,,,,,,,,,,,02-Mar-2019 - 00:00,"Mahape, Navi Mumbai - MPCB"
02-Mar-2019 - 00:00,,,,,,,,,,,,,,,,,,,03-Mar-2019 - 00:00,"Mahape, Navi Mumbai - MPCB"
03-Mar-2019 - 00:00,,,,,,,,,,,,,,,,,,,04-Mar-2019 - 00:00,"Mahape, Navi Mumbai - MPCB"
04-Mar-2019 - 00:00,,,,,,,,,,,,,,,,,,,05-Mar-2019 - 00:00,"Mahape, Navi Mumbai - MPCB"
05-Mar-2019 - 00:00,,,,,,,,,,,,,,,,,,,06-Mar-2019 - 00:00,"Mahape, Navi Mumbai - MPCB"
06-Mar-2019 - 00:00,,,,,,,,,,,,,,,,,,,07-Mar-2019 - 00:00,"Mahape, Navi Mumbai - MPCB"
07-Mar-2019 - 00:00,,,,,,,,,,,,,,,,,,,08-Mar-2019 - 00:00,"Mahape, Navi Mumbai - MPCB"
08-Mar-2019 - 00:00,,,,,,,,,,,,,,,,,,,09-Mar-2019 - 00:00,"Mahape, Navi Mumbai - MPCB"
09-Mar-2019 - 00:00,,,,,,,,,,,,,,,,,,,10-Mar-2019 - 00:00,"Mahape, Navi Mumbai - MPCB"
10-Mar-2019 - 00:00,,,,,,,,,,,,,,,,,,,11-Mar-2019 - 00:00,"Mahape, Navi Mumbai - MPCB"
11-Mar-2019 - 00:00,,,,,,,,,,,,,,,,,,,12-Mar-2019 - 00:00,"Mahape, Navi Mumbai - MPCB"
12-Mar-2019 - 00:00,,,,,,,,,,,,,,,,,,,13-Mar-2019 - 00:00,"Mahape, Navi Mumbai - MPCB"
13-Mar-2019 - 00:00,,,,,,,,,,,,,,,,,,,14-Mar-2019 - 00:00,"Mahape, Navi Mumbai - MPCB"
14-Mar-2019 - 00:00,,,,,,,,,,,,,,,,,,,15-Mar-2019 - 00:00,"Mahape, Navi Mumbai - MPCB"
15-Mar-2019 - 00:00,,,,,,,,,,,,,,,,,,,16-Mar-2019 - 00:00,"Mahape, Navi Mumbai - MPCB"
16-Mar-2019 - 00:00,,,,,,,,,,,,,,,,,,,17-Mar-2019 - 00:00,"Mahape, Navi Mumbai - MPCB"
17-Mar-2019 - 00:00,,,,,,,,,,,,,,,,,,,18-Mar-2019 - 00:00,"Mahape, Navi Mumbai - MPCB"
18-Mar-2019 - 00:00,,,,,,,,,,,,,,,,,,,19-Mar-2019 - 00:00,"Mahape, Navi Mumbai - MPCB"
19-Mar-2019 - 00:00,,,,,,,,,,,,,,,,,,,20-Mar-2019 - 00:00,"Mahape, Navi Mumbai - MPCB"
20-Mar-2019 - 00:00,,,,,,,,,,,,,,,,,,,21-Mar-2019 - 00:00,"Mahape, Navi Mumbai - MPCB"
21-Mar-2019 - 00:00,,,,,,,,,,,,,,,,,,,22-Mar-2019 - 00:00,"Mahape, Navi Mumbai - MPCB"
22-Mar-2019 - 00:00,,,,,,,,,,,,,,,,,,,23-Mar-2019 - 00:00,"Mahape, Navi Mumbai - MPCB"
23-Mar-2019 - 00:00,,,,,,,,,,,,,,,,,,,24-Mar-2019 - 00:00,"Mahape, Navi Mumbai - MPCB"
24-Mar-2019 - 00:00,,,,,,,,,,,,,,,,,,,25-Mar-2019 - 00:00,"Mahape, Navi Mumbai - MPCB"
25-Mar-2019 - 00:00,,,,,,,,,,,,,,,,,,,26-Mar-2019 - 00:00,"Mahape, Navi Mumbai - MPCB"
26-Mar-2019 - 00:00,,,,,,,,,,,,,,,,,,,27-Mar-2019 - 00:00,"Mahape, Navi Mumbai - MPCB"
27-Mar-2019 - 00:00,,,,,,,,,,,,,,,,,,,28-Mar-2019 - 00:00,"Mahape, Navi Mumbai - MPCB"
28-Mar-2019 - 00:00,,,,,,,,,,,,,,,,,,,29-Mar-2019 - 00:00,"Mahape, Navi Mumbai - MPCB"
29-Mar-2019 - 00:00,,,,,,,,,,,,,,,,,,,30-Mar-2019 - 00:00,"Mahape, Navi Mumbai - MPCB"
30-Mar-2019 - 00:00,,,,,,,,,,,,,,,,,,,31-Mar-2019 - 00:00,"Mahape, Navi Mumbai - MPCB"
31-Mar-2019 - 00:00,,,,,,,,,,,,,,,,,,,01-Apr-2019 - 00:00,"Mahape, Navi Mumbai - MPCB"
01-Apr-2019 - 00:00,,,,,,,,,,,,,,,,,,,02-Apr-2019 - 00:00,"Mahape, Navi Mumbai - MPCB"
02-Apr-2019 - 00:00,,,,,,,,,,,,,,,,,,,03-Apr-2019 - 00:00,"Mahape, Navi Mumbai - MPCB"
03-Apr-2019 - 00:00,,,,,,,,,,,,,,,,,,,04-Apr-2019 - 00:00,"Mahape, Navi Mumbai - MPCB"
04-Apr-2019 - 00:00,,,,,,,,,,,,,,,,,,,05-Apr-2019 - 00:00,"Mahape, Navi Mumbai - MPCB"
05-Apr-2019 - 00:00,,,,,,,,,,,,,,,,,,,06-Apr-2019 - 00:00,"Mahape, Navi Mumbai - MPCB"
06-Apr-2019 - 00:00,,,,,,,,,,,,,,,,,,,07-Apr-2019 - 00:00,"Mahape, Navi Mumbai - MPCB"
07-Apr-2019 - 00:00,,,,,,,,,,,,,,,,,,,08-Apr-2019 - 00:00,"Mahape, Navi Mumbai - MPCB"
08-Apr-2019 - 00:00,,,,,,,,,,,,,,,,,,,09-Apr-2019 - 00:00,"Mahape, Navi Mumbai - MPCB"
09-Apr-2019 - 00:00,,,,,,,,,,,,,,,,,,,10-Apr-2019 - 00:00,"Mahape, Navi Mumbai - MPCB"
10-Apr-2019 - 00:00,,,,,,,,,,,,,,,,,,,11-Apr-2019 - 00:00,"Mahape, Navi Mumbai - MPCB"
11-Apr-2019 - 00:00,,,,,,,,,,,,,,,,,,,12-Apr-2019 - 00:00,"Mahape, Navi Mumbai - MPCB"
12-Apr-2019 - 00:00,,,,,,,,,,,,,,,,,,,13-Apr-2019 - 00:00,"Mahape, Navi Mumbai - MPCB"
13-Apr-2019 - 00:00,,,,,,,,,,,,,,,,,,,14-Apr-2019 - 00:00,"Mahape, Navi Mumbai - MPCB"
14-Apr-2019 - 00:00,,,,,,,,,,,,,,,,,,,15-Apr-2019 - 00:00,"Mahape, Navi Mumbai - MPCB"
15-Apr-2019 - 00:00,,,,,,,,,,,,,,,,,,,16-Apr-2019 - 00:00,"Mahape, Navi Mumbai - MPCB"
16-Apr-2019 - 00:00,,,,,,,,,,,,,,,,,,,17-Apr-2019 - 00:00,"Mahape, Navi Mumbai - MPCB"
17-Apr-2019 - 00:00,,,,,,,,,,,,,,,,,,,18-Apr-2019 - 00:00,"Mahape, Navi Mumbai - MPCB"
18-Apr-2019 - 00:00,,,,,,,,,,,,,,,,,,,19-Apr-2019 - 00:00,"Mahape, Navi Mumbai - MPCB"
19-Apr-2019 - 00:00,,,,,,,,,,,,,,,,,,,20-Apr-2019 - 00:00,"Mahape, Navi Mumbai - MPCB"
20-Apr-2019 - 00:00,,,,,,,,,,,,,,,,,,,21-Apr-2019 - 00:00,"Mahape, Navi Mumbai - MPCB"
21-Apr-2019 - 00:00,,,,,,,,,,,,,,,,,,,22-Apr-2019 - 00:00,"Mahape, Navi Mumbai - MPCB"
22-Apr-2019 - 00:00,,,,,,,,,,,,,,,,,,,23-Apr-2019 - 00:00,"Mahape, Navi Mumbai - MPCB"
23-Apr-2019 - 00:00,,,,,,,,,,,,,,,,,,,24-Apr-2019 - 00:00,"Mahape, Navi Mumbai - MPCB"
24-Apr-2019 - 00:00,,,,,,,,,,,,,,,,,,,25-Apr-2019 - 00:00,"Mahape, Navi Mumbai - MPCB"
25-Apr-2019 - 00:00,,,,,,,,,,,,,,,,,,,26-Apr-2019 - 00:00,"Mahape, Navi Mumbai - MPCB"
26-Apr-2019 - 00:00,,,,,,,,,,,,,,,,,,,27-Apr-2019 - 00:00,"Mahape, Navi Mumbai - MPCB"
27-Apr-2019 - 00:00,,,,,,,,,,,,,,,,,,,28-Apr-2019 - 00:00,"Mahape, Navi Mumbai - MPCB"
28-Apr-2019 - 00:00,,,,,,,,,,,,,,,,,,,29-Apr-2019 - 00:00,"Mahape, Navi Mumbai - MPCB"
29-Apr-2019 - 00:00,,,,,,,,,,,,,,,,,,,30-Apr-2019 - 00:00,"Mahape, Navi Mumbai - MPCB"
30-Apr-2019 - 00:00,,,,,,,,,,,,,,,,,,,01-May-2019 - 00:00,"Mahape, Navi Mumbai - MPCB"
01-May-2019 - 00:00,,,,,,,,,,,,,,,,,,,02-May-2019 - 00:00,"Mahape, Navi Mumbai - MPCB"
02-May-2019 - 00:00,,,,,,,,,,,,,,,,,,,03-May-2019 - 00:00,"Mahape, Navi Mumbai - MPCB"
03-May-2019 - 00:00,,,,,,,,,,,,,,,,,,,04-May-2019 - 00:00,"Mahape, Navi Mumbai - MPCB"
04-May-2019 - 00:00,,,,,,,,,,,,,,,,,,,05-May-2019 - 00:00,"Mahape, Navi Mumbai - MPCB"
05-May-2019 - 00:00,,,,,,,,,,,,,,,,,,,06-May-2019 - 00:00,"Mahape, Navi Mumbai - MPCB"
06-May-2019 - 00:00,,,,,,,,,,,,,,,,,,,07-May-2019 - 00:00,"Mahape, Navi Mumbai - MPCB"
07-May-2019 - 00:00,,,,,,,,,,,,,,,,,,,08-May-2019 - 00:00,"Mahape, Navi Mumbai - MPCB"
08-May-2019 - 00:00,,,,,,,,,,,,,,,,,,,09-May-2019 - 00:00,"Mahape, Navi Mumbai - MPCB"
09-May-2019 - 00:00,,,,,,,,,,,,,,,,,,,10-May-2019 - 00:00,"Mahape, Navi Mumbai - MPCB"
10-May-2019 - 00:00,,,,,,,,,,,,,,,,,,,11-May-2019 - 00:00,"Mahape, Navi Mumbai - MPCB"
11-May-2019 - 00:00,,,,,,,,,,,,,,,,,,,12-May-2019 - 00:00,"Mahape, Navi Mumbai - MPCB"
12-May-2019 - 00:00,,,,,,,,,,,,,,,,,,,13-May-2019 - 00:00,"Mahape, Navi Mumbai - MPCB"
13-May-2019 - 00:00,,,,,,,,,,,,,,,,,,,14-May-2019 - 00:00,"Mahape, Navi Mumbai - MPCB"
14-May-2019 - 00:00,,,,,,,,,,,,,,,,,,,15-May-2019 - 00:00,"Mahape, Navi Mumbai - MPCB"
15-May-2019 - 00:00,,,,,,,,,,,,,,,,,,,16-May-2019 - 00:00,"Mahape, Navi Mumbai - MPCB"
16-May-2019 - 00:00,,,,,,,,,,,,,,,,,,,17-May-2019 - 00:00,"Mahape, Navi Mumbai - MPCB"
17-May-2019 - 00:00,,,,,,,,,,,,,,,,,,,18-May-2019 - 00:00,"Mahape, Navi Mumbai - MPCB"
18-May-2019 - 00:00,,,,,,,,,,,,,,,,,,,19-May-2019 - 00:00,"Mahape, Navi Mumbai - MPCB"
19-May-2019 - 00:00,,,,,,,,,,,,,,,,,,,20-May-2019 - 00:00,"Mahape, Navi Mumbai - MPCB"
20-May-2019 - 00:00,,,,,,,,,,,,,,,,,,,21-May-2019 - 00:00,"Mahape, Navi Mumbai - MPCB"
21-May-2019 - 00:00,,,,,,,,,,,,,,,,,,,22-May-2019 - 00:00,"Mahape, Navi Mumbai - MPCB"
22-May-2019 - 00:00,,,,,,,,,,,,,,,,,,,23-May-2019 - 00:00,"Mahape, Navi Mumbai - MPCB"
23-May-2019 - 00:00,,,,,,,,,,,,,,,,,,,24-May-2019 - 00:00,"Mahape, Navi Mumbai - MPCB"
24-May-2019 - 00:00,,,,,,,,,,,,,,,,,,,25-May-2019 - 00:00,"Mahape, Navi Mumbai - MPCB"
25-May-2019 - 00:00,,,,,,,,,,,,,,,,,,,26-May-2019 - 00:00,"Mahape, Navi Mumbai - MPCB"
26-May-2019 - 00:00,,,,,,,,,,,,,,,,,,,27-May-2019 - 00:00,"Mahape, Navi Mumbai - MPCB"
27-May-2019 - 00:00,,,,,,,,,,,,,,,,,,,28-May-2019 - 00:00,"Mahape, Navi Mumbai - MPCB"
28-May-2019 - 00:00,,,,,,,,,,,,,,,,,,,29-May-2019 - 00:00,"Mahape, Navi Mumbai - MPCB"
29-May-2019 - 00:00,,,,,,,,,,,,,,,,,,,30-May-2019 - 00:00,"Mahape, Navi Mumbai - MPCB"
30-May-2019 - 00:00,,,,,,,,,,,,,,,,,,,31-May-2019 - 00:00,"Mahape, Navi Mumbai - MPCB"
31-May-2019 - 00:00,,,,,,,,,,,,,,,,,,,01-Jun-2019 - 00:00,"Mahape, Navi Mumbai - MPCB"
01-Jun-2019 - 00:00,,,,,,,,,,,,,,,,,,,02-Jun-2019 - 00:00,"Mahape, Navi Mumbai - MPCB"
02-Jun-2019 - 00:00,,,,,,,,,,,,,,,,,,,03-Jun-2019 - 00:00,"Mahape, Navi Mumbai - MPCB"
03-Jun-2019 - 00:00,,,,,,,,,,,,,,,,,,,04-Jun-2019 - 00:00,"Mahape, Navi Mumbai - MPCB"
04-Jun-2019 - 00:00,,,,,,,,,,,,,,,,,,,05-Jun-2019 - 00:00,"Mahape, Navi Mumbai - MPCB"
05-Jun-2019 - 00:00,,,,,,,,,,,,,,,,,,,06-Jun-2019 - 00:00,"Mahape, Navi Mumbai - MPCB"
06-Jun-2019 - 00:00,,,,,,,,,,,,,,,,,,,07-Jun-2019 - 00:00,"Mahape, Navi Mumbai - MPCB"
07-Jun-2019 - 00:00,,,,,,,,,,,,,,,,,,,08-Jun-2019 - 00:00,"Mahape, Navi Mumbai - MPCB"
08-Jun-2019 - 00:00,,,,,,,,,,,,,,,,,,,09-Jun-2019 - 00:00,"Mahape, Navi Mumbai - MPCB"
09-Jun-2019 - 00:00,,,,,,,,,,,,,,,,,,,10-Jun-2019 - 00:00,"Mahape, Navi Mumbai - MPCB"
10-Jun-2019 - 00:00,,,,,,,,,,,,,,,,,,,11-Jun-2019 - 00:00,"Mahape, Navi Mumbai - MPCB"
11-Jun-2019 - 00:00,,,,,,,,,,,,,,,,,,,12-Jun-2019 - 00:00,"Mahape, Navi Mumbai - MPCB"
12-Jun-2019 - 00:00,,,,,,,,,,,,,,,,,,,13-Jun-2019 - 00:00,"Mahape, Navi Mumbai - MPCB"
13-Jun-2019 - 00:00,,,,,,,,,,,,,,,,,,,14-Jun-2019 - 00:00,"Mahape, Navi Mumbai - MPCB"
14-Jun-2019 - 00:00,,,,,,,,,,,,,,,,,,,15-Jun-2019 - 00:00,"Mahape, Navi Mumbai - MPCB"
15-Jun-2019 - 00:00,,,,,,,,,,,,,,,,,,,16-Jun-2019 - 00:00,"Mahape, Navi Mumbai - MPCB"
16-Jun-2019 - 00:00,,,,,,,,,,,,,,,,,,,17-Jun-2019 - 00:00,"Mahape, Navi Mumbai - MPCB"
17-Jun-2019 - 00:00,,,,,,,,,,,,,,,,,,,18-Jun-2019 - 00:00,"Mahape, Navi Mumbai - MPCB"
18-Jun-2019 - 00:00,,,,,,,,,,,,,,,,,,,19-Jun-2019 - 00:00,"Mahape, Navi Mumbai - MPCB"
19-Jun-2019 - 00:00,29.03,139.1,18.9,50.31,69.18,6.74,17.83,0.73,14.8,3.19,9.92,4.74,29.65,83.88,,129.81,1.75,242.68,20-Jun-2019 - 00:00,"Mahape, Navi Mumbai - MPCB"
20-Jun-2019 - 00:00,34.41,136.55,17.93,71.71,88.94,9.33,18.27,0.55,28.74,4.24,10.91,7.18,29.91,81.83,,354.21,1.65,231.97,21-Jun-2019 - 00:00,"Mahape, Navi Mumbai - MPCB"
21-Jun-2019 - 00:00,29.49,123.02,17.4,36.19,53.47,7.2,17.56,0.42,23.97,4.64,9.68,5.26,30.09,79.91,,386.66,1.71,231.55,22-Jun-2019 - 00:00,"Mahape, Navi Mumbai - MPCB"
22-Jun-2019 - 00:00,29.73,112.85,17.23,23.36,40.52,6.28,17.22,0.32,32.1,2.85,9.99,5.78,30.01,78.89,,328.03,1.67,249.06,23-Jun-2019 - 00:00,"Mahape, Navi Mumbai - MPCB"
23-Jun-2019 - 00:00,26.03,89.52,15.56,7.47,23.03,5.44,16.91,0.2,32.3,2.6,10.98,5.99,29.61,80.73,,272.72,1.01,253.61,24-Jun-2019 - 00:00,"Mahape, Navi Mumbai - MPCB"
24-Jun-2019 - 00:00,31.83,100.95,28.34,52.93,81.25,5.59,17.86,0.59,18.54,5.08,9.55,4.64,28.32,86.06,,168.14,1.23,193.8,25-Jun-2019 - 00:00,"Mahape, Navi Mumbai - MPCB"
25-Jun-2019 - 00:00,26.75,95.71,22.49,34.43,56.92,6.5,17.4,0.45,23.46,4.11,7.83,4.37,29.48,80.71,,366.06,1.72,219.33,26-Jun-2019 - 00:00,"Mahape, Navi Mumbai - MPCB"
26-Jun-2019 - 00:00,24.0,80.62,23.86,36.92,60.78,5.51,17.77,0.43,17.96,3.66,12.78,9.79,29.36,82.73,,194.02,1.45,197.67,27-Jun-2019 - 00:00,"Mahape, Navi Mumbai - MPCB"
27-Jun-2019 - 00:00,17.26,56.45,23.93,41.75,65.68,5.44,17.8,0.46,21.45,3.73,15.56,10.64,28.07,89.5,,252.25,1.55,207.17,28-Jun-2019 - 00:00,"Mahape, Navi Mumbai - MPCB"
28-Jun-2019 - 00:00,16.52,29.06,21.41,46.07,67.37,6.11,17.81,0.48,17.51,3.3,10.71,6.15,25.33,99.86,,16.21,2.14,238.62,29-Jun-2019 - 00:00,"Mahape, Navi Mumbai - MPCB"
29-Jun-2019 - 00:00,23.87,41.39,34.33,55.91,90.24,2.34,18.26,0.68,19.98,3.04,8.0,4.64,27.46,99.9,,68.84,2.4,199.41,30-Jun-2019 - 00:00,"Mahape, Navi Mumbai - MPCB"
30-Jun-2019 - 00:00,21.29,37.57,31.82,39.36,71.17,3.01,18.08,0.62,19.64,3.51,8.26,4.74,49.06,99.9,,108.25,23.39,209.63,01-Jul-2019 - 00:00,"Mahape, Navi Mumbai - MPCB"
01-Jul-2019 - 00:00,14.72,23.89,33.23,38.34,71.57,2.11,17.95,0.63,17.96,3.0,8.41,4.16,24.51,99.9,,69.85,15.27,112.62,02-Jul-2019 - 00:00,"Mahape, Navi Mumbai - MPCB"
02-Jul-2019 - 00:00,23.65,33.19,26.9,63.23,90.13,1.94,18.34,0.78,12.62,7.86,21.72,11.92,26.43,99.69,,142.97,7.24,148.86,03-Jul-2019 - 00:00,"Mahape, Navi Mumbai - MPCB"
03-Jul-2019 - 00:00,28.87,58.51,19.4,71.98,91.24,2.93,18.71,0.79,10.68,18.69,36.12,23.81,32.95,99.42,,179.76,3.04,201.67,04-Jul-2019 - 00:00,"Mahape, Navi Mumbai - MPCB"
04-Jul-2019 - 00:00,27.46,58.38,21.89,73.83,95.68,3.69,19.18,0.85,4.49,11.42,26.01,19.44,36.41,99.86,,122.65,2.92,204.42,05-Jul-2019 - 00:00,"Mahape, Navi Mumbai - MPCB"
05-Jul-2019 - 00:00,23.88,56.86,18.67,65.97,84.55,6.35,19.03,0.68,3.7,14.03,37.69,30.19,39.38,99.9,,84.0,3.49,207.73,06-Jul-2019 - 00:00,"Mahape, Navi Mumbai - MPCB"
06-Jul-2019 - 00:00,15.5,47.22,19.39,34.11,53.49,4.7,17.67,0.35,5.87,4.88,15.93,10.33,35.51,99.85,999.3,81.67,4.37,226.02,07-Jul-2019 - 00:00,"Mahape, Navi Mumbai - MPCB"
07-Jul-2019 - 00:00,20.42,61.4,14.62,19.77,34.39,2.07,17.27,0.38,10.94,8.09,21.53,11.97,2.28,95.5,,132.75,2.44,245.58,08-Jul-2019 - 00:00,"Mahape, Navi Mumbai - MPCB"
08-Jul-2019 - 00:00,17.92,49.22,16.8,47.61,64.09,5.87,18.23,0.39,6.77,12.34,34.37,24.72,1.38,99.7,,32.24,3.42,209.79,09-Jul-2019 - 00:00,"Mahape, Navi Mumbai - MPCB"
09-Jul-2019 - 00:00,16.34,48.38,16.62,44.69,61.17,5.59,18.37,0.19,3.49,11.08,41.07,19.23,5.24,98.8,,151.12,7.52,234.7,10-Jul-2019 - 00:00,"Mahape, Navi Mumbai - MPCB"
10-Jul-2019 - 00:00,14.24,33.49,20.35,56.86,76.69,4.75,20.14,0.3,4.43,14.56,37.64,21.7,6.56,99.86,,89.2,12.17,236.74,11-Jul-2019 - 00:00,"Mahape, Navi Mumbai - MPCB"
11-Jul-2019 - 00:00,15.8,52.53,14.49,44.58,59.02,5.91,18.13,0.25,4.46,12.5,38.85,21.58,18.08,98.74,,180.04,15.71,168.86,12-Jul-2019 - 00:00,"Mahape, Navi Mumbai - MPCB"
12-Jul-2019 - 00:00,18.16,56.41,17.73,53.72,71.45,4.57,18.29,0.26,4.36,14.04,33.48,18.92,33.35,99.63,,201.02,5.18,196.16,13-Jul-2019 - 00:00,"Mahape, Navi Mumbai - MPCB"
13-Jul-2019 - 00:00,17.97,55.34,13.58,56.89,70.36,6.96,18.74,0.22,3.4,19.45,25.07,12.51,40.43,99.9,,172.64,3.56,220.01,14-Jul-2019 - 00:00,"Mahape, Navi Mumbai - MPCB"
14-Jul-2019 - 00:00,13.75,57.85,15.67,39.4,51.96,8.49,18.08,0.87,7.14,16.35,33.16,20.09,39.07,97.82,,202.74,5.38,238.11,15-Jul-2019 - 00:00,"Mahape, Navi Mumbai - MPCB"
15-Jul-2019 - 00:00,18.65,97.55,14.42,47.61,61.76,6.8,2.66,0.68,5.02,5.85,18.95,9.85,30.45,97.13,,223.14,5.13,234.69,16-Jul-2019 - 00:00,"Mahape, Navi Mumbai - MPCB"
16-Jul-2019 - 00:00,19.49,75.57,14.53,51.44,65.88,6.49,2.38,0.63,5.65,4.74,9.77,6.21,31.33,98.7,,235.22,5.18,235.53,17-Jul-2019 - 00:00,"Mahape, Navi Mumbai - MPCB"
17-Jul-2019 - 00:00,20.8,80.45,18.35,49.9,68.19,6.25,2.43,0.73,6.48,9.7,22.57,12.22,31.72,97.1,,307.18,5.61,218.71,18-Jul-2019 - 00:00,"Mahape, Navi Mumbai - MPCB"
18-Jul-2019 - 00:00,24.0,91.83,17.74,52.63,70.33,5.23,2.82,0.77,9.94,13.71,26.02,15.4,32.02,97.06,,327.55,6.11,210.75,19-Jul-2019 - 00:00,"Mahape, Navi Mumbai - MPCB"
19-Jul-2019 - 00:00,61.08,143.55,15.0,45.36,59.77,8.53,3.63,0.73,22.08,5.8,11.06,8.88,32.87,92.86,,343.95,5.81,215.1,20-Jul-2019 - 00:00,"Mahape, Navi Mumbai - MPCB"
20-Jul-2019 - 00:00,33.88,97.36,23.32,37.41,60.73,7.1,4.58,0.7,20.71,4.13,11.91,9.05,31.23,97.86,,233.57,5.76,195.57,21-Jul-2019 - 00:00,"Mahape, Navi Mumbai - MPCB"
21-Jul-2019 - 00:00,36.27,68.75,26.22,17.83,44.05,5.74,4.84,0.69,32.83,4.06,11.99,11.63,29.54,97.75,998.81,236.69,4.56,228.96,22-Jul-2019 - 00:00,"Mahape, Navi Mumbai - MPCB"
22-Jul-2019 - 00:00,22.4,62.18,23.7,40.27,63.9,5.22,3.4,0.69,12.56,4.48,12.96,10.72,32.77,96.77,998.14,307.68,15.0,112.35,23-Jul-2019 - 00:00,"Mahape, Navi Mumbai - MPCB"
23-Jul-2019 - 00:00,18.87,65.81,24.95,47.58,72.49,8.01,3.52,0.67,8.61,4.13,12.49,9.57,34.29,97.6,998.82,352.58,15.78,182.28,24-Jul-2019 - 00:00,"Mahape, Navi Mumbai - MPCB"
24-Jul-2019 - 00:00,14.68,26.66,20.13,37.55,57.63,3.83,3.63,0.73,4.79,3.87,14.41,10.26,41.3,99.91,,32.82,11.9,180.53,25-Jul-2019 - 00:00,"Mahape, Navi Mumbai - MPCB"
25-Jul-2019 - 00:00,20.53,43.52,17.95,45.36,63.31,3.67,3.92,0.79,4.93,4.49,14.41,9.87,57.28,99.91,,72.55,6.85,187.52,26-Jul-2019 - 00:00,"Mahape, Navi Mumbai - MPCB"
26-Jul-2019 - 00:00,18.79,41.8,19.01,38.85,57.85,4.57,3.6,0.61,5.74,3.41,13.42,9.13,,99.91,,140.32,3.07,205.27,27-Jul-2019 - 00:00,"Mahape, Navi Mumbai - MPCB"
27-Jul-2019 - 00:00,17.23,42.19,15.82,28.2,44.01,3.54,2.85,0.57,7.23,2.33,12.22,7.76,56.29,99.91,,59.69,8.53,188.18,28-Jul-2019 - 00:00,"Mahape, Navi Mumbai - MPCB"
28-Jul-2019 - 00:00,17.61,55.63,19.96,18.66,38.64,5.09,2.28,0.45,11.82,3.07,11.21,6.46,,99.91,,169.59,32.94,149.29,29-Jul-2019 - 00:00,"Mahape, Navi Mumbai - MPCB"
29-Jul-2019 - 00:00,17.26,45.57,31.56,49.25,80.74,7.73,8.92,0.61,9.32,3.01,12.24,7.48,,99.9,,70.75,10.8,188.77,30-Jul-2019 - 00:00,"Mahape, Navi Mumbai - MPCB"
30-Jul-2019 - 00:00,15.53,36.14,45.38,89.35,126.77,9.51,1.91,0.58,7.24,2.86,14.51,9.78,,99.9,,34.14,4.75,204.49,31-Jul-2019 - 00:00,"Mahape, Navi Mumbai - MPCB"
31-Jul-2019 - 00:00,15.68,40.5,14.46,33.45,47.67,4.38,5.58,0.54,4.6,3.2,14.05,8.8,,99.9,,78.49,3.89,230.63,01-Aug-2019 - 00:00,"Mahape, Navi Mumbai - MPCB"
01-Aug-2019 - 00:00,13.81,44.44,10.66,20.63,31.27,3.31,1.75,0.35,7.33,1.98,9.9,5.48,,99.9,,196.9,4.5,249.21,02-Aug-2019 - 00:00,"Mahape, Navi Mumbai - MPCB"
02-Aug-2019 - 00:00,12.1,30.6,10.35,23.12,33.44,4.09,2.21,0.32,8.92,1.92,9.87,5.28,,99.9,,83.23,5.63,233.09,03-Aug-2019 - 00:00,"Mahape, Navi Mumbai - MPCB"
03-Aug-2019 - 00:00,10.64,25.67,12.25,19.73,31.98,3.14,2.1,0.29,7.24,1.89,10.18,5.44,,99.9,,46.36,7.22,231.3,04-Aug-2019 - 00:00,"Mahape, Navi Mumbai - MPCB"
04-Aug-2019 - 00:00,3.0,15.88,5.18,4.45,9.63,4.14,1.58,0.04,14.31,1.0,9.43,4.93,,99.9,,,7.0,219.41,05-Aug-2019 - 00:00,"Mahape, Navi Mumbai - MPCB"
05-Aug-2019 - 00:00,12.5,51.01,12.02,49.47,59.72,1.25,31.7,0.31,3.89,2.14,8.96,5.01,,99.9,,138.8,28.7,258.74,06-Aug-2019 - 00:00,"Mahape, Navi Mumbai - MPCB"
06-Aug-2019 - 00:00,11.07,42.32,11.15,29.84,40.99,1.92,25.19,0.38,4.11,2.55,12.1,7.84,,99.9,,102.36,17.67,225.03,07-Aug-2019 - 00:00,"Mahape, Navi Mumbai - MPCB"
07-Aug-2019 - 00:00,12.4,52.97,10.32,22.91,33.19,3.72,23.47,0.26,6.46,2.28,10.27,6.82,,99.9,999.44,140.66,16.3,248.48,08-Aug-2019 - 00:00,"Mahape, Navi Mumbai - MPCB"
08-Aug-2019 - 00:00,19.45,81.35,11.69,22.79,34.42,3.34,23.64,0.3,7.44,2.3,9.0,5.67,25.67,99.9,998.7,63.18,5.82,161.85,09-Aug-2019 - 00:00,"Mahape, Navi Mumbai - MPCB"
09-Aug-2019 - 00:00,18.29,65.19,14.54,24.93,39.47,6.6,23.55,0.26,8.65,2.07,6.87,4.32,25.76,99.9,998.72,86.91,,107.65,10-Aug-2019 - 00:00,"Mahape, Navi Mumbai - MPCB"
10-Aug-2019 - 00:00,17.13,64.41,14.56,23.11,37.66,9.08,23.44,0.24,10.95,2.83,10.21,5.7,26.27,99.9,,158.17,,141.3,11-Aug-2019 - 00:00,"Mahape, Navi Mumbai - MPCB"
11-Aug-2019 - 00:00,18.53,62.62,16.2,25.77,41.97,7.64,23.42,0.34,9.59,3.65,15.98,5.9,26.5,99.9,,178.59,,133.84,12-Aug-2019 - 00:00,"Mahape, Navi Mumbai - MPCB"
12-Aug-2019 - 00:00,15.72,57.81,13.69,31.25,44.9,6.67,23.6,0.36,9.15,4.09,17.68,7.51,26.69,99.9,,269.6,,157.88,13-Aug-2019 - 00:00,"Mahape, Navi Mumbai - MPCB"
13-Aug-2019 - 00:00,16.86,63.12,13.64,35.84,49.48,11.47,23.7,0.32,9.01,3.59,24.89,11.08,26.98,99.9,,216.87,,213.09,14-Aug-2019 - 00:00,"Mahape, Navi Mumbai - MPCB"
14-Aug-2019 - 00:00,22.15,69.93,19.11,40.66,59.79,5.82,23.66,0.52,9.9,2.75,56.05,21.98,26.97,99.9,,234.42,,150.12,15-Aug-2019 - 00:00,"Mahape, Navi Mumbai - MPCB"
15-Aug-2019 - 00:00,16.36,47.83,16.21,37.67,53.85,5.11,23.7,0.48,8.57,2.79,68.68,26.97,25.8,99.9,,186.34,,190.72,16-Aug-2019 - 00:00,"Mahape, Navi Mumbai - MPCB"
16-Aug-2019 - 00:00,16.37,58.83,18.28,38.91,57.1,6.85,23.79,0.48,7.41,3.15,66.6,25.45,26.26,99.9,,253.82,,161.39,17-Aug-2019 - 00:00,"Mahape, Navi Mumbai - MPCB"
17-Aug-2019 - 00:00,18.33,77.96,16.43,42.63,59.01,4.36,23.84,0.47,7.3,3.09,69.28,27.09,27.1,99.9,,193.07,,216.82,18-Aug-2019 - 00:00,"Mahape, Navi Mumbai - MPCB"
18-Aug-2019 - 00:00,17.07,72.4,13.9,37.99,51.8,5.17,23.83,0.48,10.35,3.81,67.7,27.13,26.7,99.9,,309.42,,216.75,19-Aug-2019 - 00:00,"Mahape, Navi Mumbai - MPCB"
19-Aug-2019 - 00:00,23.9,103.65,13.21,53.53,66.68,6.5,24.23,0.62,8.26,5.37,68.07,32.36,27.16,99.9,,292.6,,254.34,20-Aug-2019 - 00:00,"Mahape, Navi Mumbai - MPCB"
20-Aug-2019 - 00:00,31.06,113.96,14.98,47.51,62.01,6.04,24.31,0.5,16.76,3.53,60.1,33.01,29.92,99.9,,420.1,,166.37,21-Aug-2019 - 00:00,"Mahape, Navi Mumbai - MPCB"
21-Aug-2019 - 00:00,25.76,93.03,14.39,73.63,87.85,5.23,25.05,0.63,11.83,3.41,59.43,34.53,28.46,99.9,,244.1,,128.26,22-Aug-2019 - 00:00,"Mahape, Navi Mumbai - MPCB"
22-Aug-2019 - 00:00,29.31,73.54,21.64,86.42,103.93,2.87,25.28,0.82,14.58,3.58,66.15,32.77,29.04,99.9,,309.63,,126.37,23-Aug-2019 - 00:00,"Mahape, Navi Mumbai - MPCB"
23-Aug-2019 - 00:00,28.15,94.2,13.32,66.56,79.83,6.06,25.01,0.65,13.18,4.64,66.56,33.92,31.29,99.9,,326.51,,120.73,24-Aug-2019 - 00:00,"Mahape, Navi Mumbai - MPCB"
24-Aug-2019 - 00:00,20.73,76.15,16.0,52.31,68.29,5.03,24.58,0.6,7.38,4.66,69.13,29.71,30.74,99.9,,258.29,,103.34,25-Aug-2019 - 00:00,"Mahape, Navi Mumbai - MPCB"
25-Aug-2019 - 00:00,16.18,54.0,18.27,29.86,48.09,5.68,24.15,0.41,9.16,4.75,69.94,30.51,30.39,99.9,,191.38,,145.21,26-Aug-2019 - 00:00,"Mahape, Navi Mumbai - MPCB"
26-Aug-2019 - 00:00,24.72,89.96,14.63,62.44,76.94,5.99,25.32,0.64,9.71,4.08,63.06,27.53,30.28,99.9,,249.63,,71.97,27-Aug-2019 - 00:00,"Mahape, Navi Mumbai - MPCB"
27-Aug-2019 - 00:00,20.93,92.34,20.14,55.29,75.38,5.86,24.35,0.46,6.74,5.06,67.61,30.28,30.53,99.9,,269.79,,186.07,28-Aug-2019 - 00:00,"Mahape, Navi Mumbai - MPCB"
28-Aug-2019 - 00:00,18.0,78.37,16.5,45.83,62.29,4.52,24.27,0.41,8.09,5.0,63.83,25.82,31.2,99.9,,348.57,,141.26,29-Aug-2019 - 00:00,"Mahape, Navi Mumbai - MPCB"
29-Aug-2019 - 00:00,20.03,102.14,20.02,45.77,65.76,4.13,24.49,0.45,9.21,3.95,67.6,27.09,32.27,99.9,,381.22,37.58,137.71,30-Aug-2019 - 00:00,"Mahape, Navi Mumbai - MPCB"
30-Aug-2019 - 00:00,17.74,53.51,18.06,44.97,63.02,3.79,23.81,0.43,7.89,3.7,66.13,29.32,30.17,99.9,,200.96,5.25,101.18,31-Aug-2019 - 00:00,"Mahape, Navi Mumbai - MPCB"
31-Aug-2019 - 00:00,19.82,41.91,16.03,67.92,83.93,4.03,25.21,0.7,4.27,4.56,66.79,33.66,28.89,99.9,,82.88,,126.86,01-Sep-2019 - 00:00,"Mahape, Navi Mumbai - MPCB"
01-Sep-2019 - 00:00,13.15,24.72,19.74,37.32,57.07,6.15,24.36,0.36,5.28,3.43,68.12,29.94,28.55,99.9,,89.0,22.2,110.49,02-Sep-2019 - 00:00,"Mahape, Navi Mumbai - MPCB"
02-Sep-2019 - 00:00,,,,,,,,,,,,,,,,,,,03-Sep-2019 - 00:00,"Mahape, Navi Mumbai - MPCB"
03-Sep-2019 - 00:00,14.13,21.67,15.72,64.7,80.34,2.18,24.9,0.79,4.34,4.03,59.8,24.21,28.33,99.9,,129.57,,182.35,04-Sep-2019 - 00:00,"Mahape, Navi Mumbai - MPCB"
04-Sep-2019 - 00:00,12.07,18.13,22.75,52.67,75.39,4.05,24.25,0.6,5.04,3.16,63.13,29.65,27.59,99.9,,36.93,26.64,221.7,05-Sep-2019 - 00:00,"Mahape, Navi Mumbai - MPCB"
05-Sep-2019 - 00:00,10.35,18.16,18.76,41.46,60.22,5.5,24.0,0.5,3.79,3.39,61.54,25.25,28.62,99.9,,131.95,5.09,213.48,06-Sep-2019 - 00:00,"Mahape, Navi Mumbai - MPCB"
06-Sep-2019 - 00:00,12.54,24.79,17.3,39.91,57.19,5.16,23.94,0.45,3.7,2.7,58.39,22.43,28.93,99.9,,140.39,3.48,224.89,07-Sep-2019 - 00:00,"Mahape, Navi Mumbai - MPCB"
07-Sep-2019 - 00:00,9.5,21.68,18.09,31.78,49.86,5.67,23.76,0.35,3.57,2.65,56.39,21.19,28.55,99.9,,115.9,3.48,201.12,08-Sep-2019 - 00:00,"Mahape, Navi Mumbai - MPCB"
08-Sep-2019 - 00:00,12.18,22.24,22.84,26.97,49.81,3.98,23.67,0.44,7.32,3.0,59.25,23.84,28.37,99.9,,116.39,3.59,221.16,09-Sep-2019 - 00:00,"Mahape, Navi Mumbai - MPCB"
09-Sep-2019 - 00:00,15.7,38.02,17.15,47.26,64.41,5.87,24.17,0.61,4.54,2.7,56.02,22.04,28.5,99.9,,53.14,3.29,240.5,10-Sep-2019 - 00:00,"Mahape, Navi Mumbai - MPCB"
10-Sep-2019 - 00:00,20.03,55.83,19.23,50.6,69.84,7.69,24.26,0.6,4.97,2.9,58.15,23.76,29.62,99.9,,139.59,2.81,231.44,11-Sep-2019 - 00:00,"Mahape, Navi Mumbai - MPCB"
11-Sep-2019 - 00:00,19.72,51.18,17.84,60.94,78.69,10.01,24.47,0.65,4.54,3.35,57.22,25.17,29.0,99.9,,97.84,2.42,218.32,12-Sep-2019 - 00:00,"Mahape, Navi Mumbai - MPCB"
12-Sep-2019 - 00:00,16.77,53.85,12.76,50.73,63.38,7.67,24.22,0.53,4.25,3.68,57.86,24.57,29.5,99.9,,120.62,2.92,231.67,13-Sep-2019 - 00:00,"Mahape, Navi Mumbai - MPCB"
13-Sep-2019 - 00:00,16.83,34.5,16.61,60.63,77.25,6.42,24.47,0.71,7.73,3.28,56.49,23.12,28.56,99.9,,145.89,4.99,229.15,14-Sep-2019 - 00:00,"Mahape, Navi Mumbai - MPCB"
14-Sep-2019 - 00:00,17.89,49.3,13.56,44.94,58.48,6.52,24.14,0.52,10.17,2.29,50.69,20.68,30.32,99.9,,279.91,8.39,254.83,15-Sep-2019 - 00:00,"Mahape, Navi Mumbai - MPCB"
15-Sep-2019 - 00:00,14.23,31.79,16.99,32.78,49.74,5.84,23.94,0.53,16.56,2.4,55.09,24.29,28.37,99.9,,160.6,2.25,247.81,16-Sep-2019 - 00:00,"Mahape, Navi Mumbai - MPCB"
16-Sep-2019 - 00:00,19.23,47.87,11.33,66.25,77.49,4.9,25.1,0.8,8.32,3.71,53.95,26.03,29.3,99.9,,148.34,2.45,250.74,17-Sep-2019 - 00:00,"Mahape, Navi Mumbai - MPCB"
17-Sep-2019 - 00:00,20.62,35.59,11.75,76.28,87.99,5.11,26.14,0.84,17.28,2.71,53.38,25.92,28.53,99.9,,54.24,2.97,233.19,18-Sep-2019 - 00:00,"Mahape, Navi Mumbai - MPCB"
18-Sep-2019 - 00:00,34.87,56.92,18.34,68.25,86.24,5.81,27.38,0.85,17.64,3.85,55.88,31.75,29.6,99.9,,153.05,2.8,250.44,19-Sep-2019 - 00:00,"Mahape, Navi Mumbai - MPCB"
19-Sep-2019 - 00:00,30.61,57.55,28.28,42.86,71.14,7.31,26.71,0.9,14.75,2.77,57.88,31.26,29.3,99.9,,155.92,1.88,226.83,20-Sep-2019 - 00:00,"Mahape, Navi Mumbai - MPCB"
20-Sep-2019 - 00:00,,77.21,28.08,53.98,82.02,5.2,,0.61,,,,,30.35,99.9,,188.55,2.47,200.42,21-Sep-2019 - 00:00,"Mahape, Navi Mumbai - MPCB"
21-Sep-2019 - 00:00,13.81,65.99,27.37,26.95,54.33,3.38,25.22,0.28,11.95,4.58,70.7,37.76,31.37,99.9,,338.04,3.08,172.48,22-Sep-2019 - 00:00,"Mahape, Navi Mumbai - MPCB"
22-Sep-2019 - 00:00,18.84,91.82,21.31,22.33,43.63,4.26,25.46,0.33,12.54,3.87,71.07,33.31,31.76,99.9,,416.33,3.14,196.34,23-Sep-2019 - 00:00,"Mahape, Navi Mumbai - MPCB"
23-Sep-2019 - 00:00,28.27,112.83,21.34,32.67,53.99,5.63,25.66,0.42,18.69,8.49,83.33,43.0,32.12,99.9,,417.19,2.8,250.49,24-Sep-2019 - 00:00,"Mahape, Navi Mumbai - MPCB"
24-Sep-2019 - 00:00,30.24,106.77,18.95,46.16,65.07,7.19,25.69,0.56,18.58,14.27,85.38,46.63,31.96,99.9,,286.01,2.72,265.95,25-Sep-2019 - 00:00,"Mahape, Navi Mumbai - MPCB"
25-Sep-2019 - 00:00,27.5,55.23,24.85,53.87,78.73,9.09,26.68,0.67,18.88,4.81,67.36,33.85,30.31,99.9,,176.51,2.1,239.97,26-Sep-2019 - 00:00,"Mahape, Navi Mumbai - MPCB"
26-Sep-2019 - 00:00,25.66,90.6,28.31,46.96,75.26,6.39,27.0,0.65,12.24,4.69,65.74,30.22,30.91,99.9,,343.07,2.98,223.81,27-Sep-2019 - 00:00,"Mahape, Navi Mumbai - MPCB"
27-Sep-2019 - 00:00,11.16,55.17,23.08,39.04,62.11,4.62,25.62,0.42,7.92,3.74,61.69,22.19,30.15,99.9,,357.24,3.77,194.66,28-Sep-2019 - 00:00,"Mahape, Navi Mumbai - MPCB"
28-Sep-2019 - 00:00,12.45,77.52,19.44,40.8,60.24,4.95,25.85,0.4,6.17,3.83,60.36,22.75,31.19,99.9,,402.3,3.96,197.47,29-Sep-2019 - 00:00,"Mahape, Navi Mumbai - MPCB"
29-Sep-2019 - 00:00,11.69,82.05,16.7,33.25,49.95,3.86,25.74,0.36,7.72,2.99,62.6,23.79,31.53,99.9,,410.16,4.23,200.62,30-Sep-2019 - 00:00,"Mahape, Navi Mumbai - MPCB"
30-Sep-2019 - 00:00,13.85,80.9,15.83,62.69,78.34,3.79,26.34,0.6,6.71,3.21,62.36,24.05,31.12,99.9,,374.43,4.25,207.14,01-Oct-2019 - 00:00,"Mahape, Navi Mumbai - MPCB"
01-Oct-2019 - 00:00,25.9,127.56,14.36,84.8,98.95,5.4,27.51,0.72,8.69,5.11,61.36,33.27,31.63,99.9,,358.92,4.08,212.59,02-Oct-2019 - 00:00,"Mahape, Navi Mumbai - MPCB"
02-Oct-2019 - 00:00,27.92,105.49,21.7,59.09,80.7,5.9,26.79,0.58,23.1,4.03,62.47,35.87,31.68,99.9,,355.87,3.62,225.31,03-Oct-2019 - 00:00,"Mahape, Navi Mumbai - MPCB"
03-Oct-2019 - 00:00,25.28,79.61,18.13,38.74,56.87,5.83,26.04,0.45,21.66,2.92,59.9,28.78,32.39,99.9,,393.63,4.24,226.42,04-Oct-2019 - 00:00,"Mahape, Navi Mumbai - MPCB"
04-Oct-2019 - 00:00,36.2,98.02,26.69,49.19,75.88,5.78,26.35,0.62,18.92,3.42,62.71,32.95,30.94,99.9,,269.58,4.17,218.96,05-Oct-2019 - 00:00,"Mahape, Navi Mumbai - MPCB"
05-Oct-2019 - 00:00,30.99,71.76,22.22,21.81,44.02,5.06,27.49,0.5,30.7,2.57,56.75,24.07,31.17,99.85,,400.65,4.66,254.27,06-Oct-2019 - 00:00,"Mahape, Navi Mumbai - MPCB"
06-Oct-2019 - 00:00,45.01,120.44,35.55,47.46,83.01,4.18,27.84,0.78,47.65,3.58,58.82,29.81,31.55,99.9,,336.18,4.94,238.07,07-Oct-2019 - 00:00,"Mahape, Navi Mumbai - MPCB"
07-Oct-2019 - 00:00,50.73,117.76,29.4,27.31,56.7,6.38,26.53,0.7,42.02,3.65,58.72,29.82,32.94,99.43,,375.39,4.91,242.34,08-Oct-2019 - 00:00,"Mahape, Navi Mumbai - MPCB"
08-Oct-2019 - 00:00,40.67,120.28,29.14,26.92,56.08,6.75,25.15,0.63,37.49,3.7,56.4,23.22,33.97,99.21,,326.95,5.61,237.17,09-Oct-2019 - 00:00,"Mahape, Navi Mumbai - MPCB"
09-Oct-2019 - 00:00,22.9,73.53,29.44,16.99,46.27,7.68,35.46,0.56,46.0,3.15,57.17,27.15,32.4,99.73,,391.72,5.4,249.84,10-Oct-2019 - 00:00,"Mahape, Navi Mumbai - MPCB"
10-Oct-2019 - 00:00,49.29,112.34,31.88,58.8,90.68,8.52,25.22,1.05,34.56,3.92,59.22,30.39,31.56,98.94,,395.77,4.5,243.03,11-Oct-2019 - 00:00,"Mahape, Navi Mumbai - MPCB"
11-Oct-2019 - 00:00,50.52,118.06,44.17,43.55,87.71,9.72,26.73,0.94,38.44,5.15,52.07,28.62,32.19,97.9,,396.4,4.59,233.97,12-Oct-2019 - 00:00,"Mahape, Navi Mumbai - MPCB"
12-Oct-2019 - 00:00,59.53,125.52,45.99,39.91,85.89,9.87,26.98,0.9,45.05,4.53,54.44,28.96,31.64,99.26,,354.67,5.02,237.73,13-Oct-2019 - 00:00,"Mahape, Navi Mumbai - MPCB"
13-Oct-2019 - 00:00,51.46,111.05,43.46,35.33,78.78,7.4,28.78,0.82,38.37,3.93,58.53,26.75,32.72,99.34,,365.63,5.72,223.99,14-Oct-2019 - 00:00,"Mahape, Navi Mumbai - MPCB"
14-Oct-2019 - 00:00,63.6,135.03,32.9,32.81,65.71,8.01,17.93,0.78,31.13,3.72,57.87,26.72,34.17,98.01,,381.86,4.49,222.79,15-Oct-2019 - 00:00,"Mahape, Navi Mumbai - MPCB"
15-Oct-2019 - 00:00,51.65,136.98,43.17,51.78,94.91,7.1,7.97,0.57,38.54,3.07,54.99,24.63,33.87,93.7,,407.63,4.6,225.56,16-Oct-2019 - 00:00,"Mahape, Navi Mumbai - MPCB"
16-Oct-2019 - 00:00,57.42,142.62,39.62,42.51,82.14,6.26,9.76,0.49,37.53,6.1,69.57,32.2,33.51,94.13,,408.91,6.4,215.05,17-Oct-2019 - 00:00,"Mahape, Navi Mumbai - MPCB"
17-Oct-2019 - 00:00,65.45,156.19,33.04,36.57,69.61,7.76,8.31,0.53,41.0,14.68,87.76,40.95,33.72,94.55,,403.51,4.0,234.02,18-Oct-2019 - 00:00,"Mahape, Navi Mumbai - MPCB"
18-Oct-2019 - 00:00,66.62,140.82,33.64,38.34,71.97,8.63,6.65,0.56,24.86,20.08,93.55,51.36,30.16,99.9,,91.47,7.46,222.53,19-Oct-2019 - 00:00,"Mahape, Navi Mumbai - MPCB"
19-Oct-2019 - 00:00,28.76,56.08,15.89,58.85,74.72,7.61,7.69,0.51,15.71,12.84,87.67,36.62,27.93,99.9,,61.89,14.24,201.62,20-Oct-2019 - 00:00,"Mahape, Navi Mumbai - MPCB"
20-Oct-2019 - 00:00,14.93,29.55,14.54,39.53,54.04,8.77,4.22,0.35,12.83,14.04,94.58,36.91,27.88,99.9,,108.32,11.57,221.08,21-Oct-2019 - 00:00,"Mahape, Navi Mumbai - MPCB"
21-Oct-2019 - 00:00,18.7,44.92,12.96,38.51,51.46,9.57,5.37,0.34,20.75,12.93,91.07,31.69,30.96,99.9,,361.27,10.9,189.36,22-Oct-2019 - 00:00,"Mahape, Navi Mumbai - MPCB"
22-Oct-2019 - 00:00,19.97,58.07,26.39,30.16,56.56,9.43,4.4,0.37,23.18,17.28,86.36,29.81,30.19,99.9,,261.69,16.83,158.23,23-Oct-2019 - 00:00,"Mahape, Navi Mumbai - MPCB"
23-Oct-2019 - 00:00,30.43,73.08,21.88,65.49,87.36,10.98,5.42,0.6,10.31,24.46,81.72,31.96,29.46,99.9,,156.82,22.71,113.24,24-Oct-2019 - 00:00,"Mahape, Navi Mumbai - MPCB"
24-Oct-2019 - 00:00,27.25,57.64,20.17,38.94,58.91,11.1,6.45,0.37,16.52,19.01,93.8,37.47,29.75,99.9,,146.73,35.91,160.67,25-Oct-2019 - 00:00,"Mahape, Navi Mumbai - MPCB"
25-Oct-2019 - 00:00,16.39,41.25,17.15,25.14,42.29,8.69,5.81,0.2,14.12,12.15,87.6,29.88,30.04,99.9,,147.26,,104.55,26-Oct-2019 - 00:00,"Mahape, Navi Mumbai - MPCB"
26-Oct-2019 - 00:00,19.82,71.33,21.89,55.33,77.23,5.75,5.55,0.54,15.8,13.54,92.66,37.35,30.24,99.9,,107.23,,193.06,27-Oct-2019 - 00:00,"Mahape, Navi Mumbai - MPCB"
27-Oct-2019 - 00:00,58.52,122.9,20.96,74.12,95.03,5.2,6.76,0.7,20.77,19.45,101.68,44.42,30.98,99.9,,253.16,,163.68,28-Oct-2019 - 00:00,"Mahape, Navi Mumbai - MPCB"
28-Oct-2019 - 00:00,65.42,129.84,25.16,42.87,68.02,7.53,5.48,0.41,34.67,20.02,103.44,38.16,32.31,98.85,,356.55,10.14,145.74,29-Oct-2019 - 00:00,"Mahape, Navi Mumbai - MPCB"
29-Oct-2019 - 00:00,52.47,110.18,31.23,26.89,58.12,8.58,5.6,0.42,46.29,17.91,101.02,35.61,33.08,99.54,,363.82,6.52,148.36,30-Oct-2019 - 00:00,"Mahape, Navi Mumbai - MPCB"
30-Oct-2019 - 00:00,26.71,76.13,27.52,25.34,52.85,8.22,6.92,0.26,23.66,21.59,90.11,33.48,33.64,98.05,,360.77,4.26,161.98,31-Oct-2019 - 00:00,"Mahape, Navi Mumbai - MPCB"
31-Oct-2019 - 00:00,27.03,67.33,27.34,21.57,48.91,7.49,8.48,0.22,25.38,12.51,87.84,32.28,32.82,99.58,,259.02,19.99,153.64,01-Nov-2019 - 00:00,"Mahape, Navi Mumbai - MPCB"
01-Nov-2019 - 00:00,19.15,69.55,35.96,45.19,81.14,6.48,6.51,0.36,17.06,14.09,91.17,34.28,32.8,99.63,,284.32,36.26,197.69,02-Nov-2019 - 00:00,"Mahape, Navi Mumbai - MPCB"
02-Nov-2019 - 00:00,15.45,80.38,23.86,43.5,67.34,6.45,6.43,0.3,16.93,14.77,92.21,32.25,31.36,99.69,,392.36,,141.83,03-Nov-2019 - 00:00,"Mahape, Navi Mumbai - MPCB"
03-Nov-2019 - 00:00,25.56,97.77,22.54,44.97,67.5,6.43,7.03,0.35,29.34,15.31,93.06,37.23,31.96,99.9,,358.37,,182.07,04-Nov-2019 - 00:00,"Mahape, Navi Mumbai - MPCB"
04-Nov-2019 - 00:00,38.79,79.48,20.33,11.86,32.19,7.19,7.48,0.27,39.98,14.04,85.61,28.34,32.05,99.48,,367.76,45.18,137.62,05-Nov-2019 - 00:00,"Mahape, Navi Mumbai - MPCB"
05-Nov-2019 - 00:00,46.82,99.5,21.4,15.79,37.2,8.18,5.02,0.31,30.53,20.05,78.31,23.42,32.85,98.71,,378.4,4.17,154.74,06-Nov-2019 - 00:00,"Mahape, Navi Mumbai - MPCB"
06-Nov-2019 - 00:00,64.1,136.67,28.46,32.61,61.07,7.28,6.66,0.61,45.72,14.19,76.78,25.02,31.95,99.49,,361.05,21.31,122.65,07-Nov-2019 - 00:00,"Mahape, Navi Mumbai - MPCB"
07-Nov-2019 - 00:00,26.41,107.79,27.17,39.17,66.34,7.67,5.84,0.42,12.18,17.54,75.65,22.28,31.37,99.91,,356.97,,200.8,08-Nov-2019 - 00:00,"Mahape, Navi Mumbai - MPCB"
08-Nov-2019 - 00:00,21.26,89.42,24.47,63.25,87.61,8.81,4.59,0.6,9.05,17.9,83.87,24.03,29.36,99.91,,125.13,,129.07,09-Nov-2019 - 00:00,"Mahape, Navi Mumbai - MPCB"
09-Nov-2019 - 00:00,43.1,136.77,27.18,70.06,97.24,8.89,5.95,0.75,21.34,18.66,87.13,33.43,30.71,99.91,,337.01,,144.85,10-Nov-2019 - 00:00,"Mahape, Navi Mumbai - MPCB"
10-Nov-2019 - 00:00,61.41,123.67,28.65,43.15,71.81,7.39,7.51,0.72,33.18,16.26,88.1,37.4,31.54,96.11,,378.42,49.09,123.71,11-Nov-2019 - 00:00,"Mahape, Navi Mumbai - MPCB"
11-Nov-2019 - 00:00,63.16,142.72,31.49,36.31,67.79,7.64,6.43,0.75,42.84,16.79,83.54,34.67,32.05,96.95,,320.24,48.49,153.99,12-Nov-2019 - 00:00,"Mahape, Navi Mumbai - MPCB"
12-Nov-2019 - 00:00,81.51,180.49,42.83,58.02,100.87,8.17,8.74,1.05,37.18,15.32,84.61,33.12,31.64,98.7,,255.08,24.66,122.98,13-Nov-2019 - 00:00,"Mahape, Navi Mumbai - MPCB"
13-Nov-2019 - 00:00,78.68,188.37,44.38,63.66,108.06,9.04,7.96,1.14,23.37,16.03,78.23,34.5,32.32,95.09,,367.8,,130.12,14-Nov-2019 - 00:00,"Mahape, Navi Mumbai - MPCB"
14-Nov-2019 - 00:00,70.91,166.84,45.34,61.03,97.69,7.96,9.6,0.88,38.32,13.83,42.52,17.58,33.8,86.78,,420.91,,143.88,15-Nov-2019 - 00:00,"Mahape, Navi Mumbai - MPCB"
15-Nov-2019 - 00:00,84.95,185.17,58.79,49.74,108.48,7.67,9.65,1.03,39.87,13.47,35.61,16.11,31.4,99.2,,249.87,47.3,145.16,16-Nov-2019 - 00:00,"Mahape, Navi Mumbai - MPCB"
16-Nov-2019 - 00:00,84.92,163.6,53.73,22.36,76.09,8.1,6.74,0.81,53.34,13.95,37.42,21.0,32.32,98.8,,286.39,46.67,129.23,17-Nov-2019 - 00:00,"Mahape, Navi Mumbai - MPCB"
17-Nov-2019 - 00:00,68.43,128.29,30.76,19.14,49.91,7.01,10.12,0.59,43.32,18.31,40.71,20.0,33.07,96.89,,312.52,,121.49,18-Nov-2019 - 00:00,"Mahape, Navi Mumbai - MPCB"
18-Nov-2019 - 00:00,80.27,157.33,44.17,25.74,69.9,6.23,13.04,0.8,57.12,17.22,37.79,16.18,32.59,93.11,,325.05,,132.0,19-Nov-2019 - 00:00,"Mahape, Navi Mumbai - MPCB"
19-Nov-2019 - 00:00,90.84,183.69,44.33,37.96,82.3,6.85,13.84,0.92,59.12,19.34,42.52,18.01,31.34,95.51,,298.3,,100.09,20-Nov-2019 - 00:00,"Mahape, Navi Mumbai - MPCB"
20-Nov-2019 - 00:00,102.96,218.45,56.45,50.17,106.62,7.54,11.24,1.28,52.45,24.12,45.23,25.5,31.19,96.52,,288.29,45.69,150.72,21-Nov-2019 - 00:00,"Mahape, Navi Mumbai - MPCB"
21-Nov-2019 - 00:00,102.4,209.18,54.98,40.63,95.61,8.51,9.46,1.12,50.15,22.75,48.71,28.2,31.63,97.01,,258.04,3.83,128.77,22-Nov-2019 - 00:00,"Mahape, Navi Mumbai - MPCB"
22-Nov-2019 - 00:00,97.89,201.78,60.48,50.17,110.65,8.34,10.14,1.16,51.61,22.41,50.26,26.57,31.93,96.71,,264.38,45.45,149.79,23-Nov-2019 - 00:00,"Mahape, Navi Mumbai - MPCB"
23-Nov-2019 - 00:00,91.1,175.22,46.92,43.24,90.15,8.43,8.83,0.94,38.23,21.76,44.84,28.17,32.22,94.6,,294.85,,90.78,24-Nov-2019 - 00:00,"Mahape, Navi Mumbai - MPCB"
24-Nov-2019 - 00:00,88.99,165.04,51.0,32.32,83.28,9.15,12.11,0.97,44.27,21.53,44.04,23.59,32.04,92.7,,295.01,,119.26,25-Nov-2019 - 00:00,"Mahape, Navi Mumbai - MPCB"
25-Nov-2019 - 00:00,94.32,188.29,42.94,51.89,94.86,8.48,11.94,1.08,42.64,21.48,46.81,27.09,31.64,92.02,,301.21,,135.45,26-Nov-2019 - 00:00,"Mahape, Navi Mumbai - MPCB"
26-Nov-2019 - 00:00,93.6,181.2,51.96,42.75,94.69,9.3,12.95,1.05,45.98,23.31,49.35,26.02,31.33,93.4,,282.21,,98.46,27-Nov-2019 - 00:00,"Mahape, Navi Mumbai - MPCB"
27-Nov-2019 - 00:00,88.64,193.18,63.6,51.9,115.51,8.81,13.95,1.14,39.42,24.8,53.88,28.47,31.12,93.88,,278.41,,158.34,28-Nov-2019 - 00:00,"Mahape, Navi Mumbai - MPCB"
28-Nov-2019 - 00:00,86.6,182.54,54.46,32.0,86.45,10.33,13.76,1.08,61.77,21.88,41.74,23.61,31.85,94.05,,277.63,,134.21,29-Nov-2019 - 00:00,"Mahape, Navi Mumbai - MPCB"
29-Nov-2019 - 00:00,79.94,149.43,44.34,20.48,64.82,10.23,8.75,0.81,52.74,19.23,53.8,20.95,32.22,96.18,,263.25,43.49,118.97,30-Nov-2019 - 00:00,"Mahape, Navi Mumbai - MPCB"
30-Nov-2019 - 00:00,101.88,180.06,55.73,32.29,88.05,9.92,9.09,1.09,49.34,21.82,78.97,27.43,32.04,99.43,,207.37,46.39,135.97,01-Dec-2019 - 00:00,"Mahape, Navi Mumbai - MPCB"
01-Dec-2019 - 00:00,92.97,155.49,42.01,20.36,62.36,10.21,6.01,0.94,45.5,21.99,91.97,36.85,31.97,97.55,,214.27,,141.04,02-Dec-2019 - 00:00,"Mahape, Navi Mumbai - MPCB"
02-Dec-2019 - 00:00,67.55,133.5,46.33,39.04,85.37,9.67,7.22,1.06,28.52,18.38,84.35,29.73,32.54,95.89,,251.95,,149.41,03-Dec-2019 - 00:00,"Mahape, Navi Mumbai - MPCB"
03-Dec-2019 - 00:00,54.85,156.32,56.08,65.99,122.07,8.83,11.15,1.04,22.12,22.05,90.3,44.45,32.38,94.89,,244.4,,226.69,04-Dec-2019 - 00:00,"Mahape, Navi Mumbai - MPCB"
04-Dec-2019 - 00:00,66.49,164.29,59.08,78.11,137.18,11.87,17.05,0.89,25.08,22.61,90.47,49.16,32.32,96.31,,285.1,,158.3,05-Dec-2019 - 00:00,"Mahape, Navi Mumbai - MPCB"
05-Dec-2019 - 00:00,97.47,189.59,46.41,41.33,87.75,12.31,12.39,0.8,27.33,22.76,87.65,45.78,31.76,98.97,,187.44,,124.01,06-Dec-2019 - 00:00,"Mahape, Navi Mumbai - MPCB"
06-Dec-2019 - 00:00,83.44,142.68,41.52,15.95,57.46,9.55,19.0,0.47,44.64,13.37,86.26,31.07,32.13,93.12,,316.83,,120.71,07-Dec-2019 - 00:00,"Mahape, Navi Mumbai - MPCB"
07-Dec-2019 - 00:00,95.81,173.87,55.96,56.84,112.78,7.36,17.84,0.74,34.08,19.19,85.05,36.15,30.97,90.92,,326.87,,115.98,08-Dec-2019 - 00:00,"Mahape, Navi Mumbai - MPCB"
08-Dec-2019 - 00:00,100.91,175.6,50.95,28.35,79.29,8.49,23.41,0.83,53.23,19.13,86.94,37.34,30.51,94.93,,286.42,,146.69,09-Dec-2019 - 00:00,"Mahape, Navi Mumbai - MPCB"
09-Dec-2019 - 00:00,89.72,163.39,57.06,28.99,86.04,9.31,22.28,0.83,57.38,17.05,80.19,33.45,31.2,97.69,,292.95,48.25,103.05,10-Dec-2019 - 00:00,"Mahape, Navi Mumbai - MPCB"
10-Dec-2019 - 00:00,97.13,205.18,59.86,68.0,127.87,10.21,13.31,1.11,55.11,20.71,68.78,40.23,31.07,98.19,,291.95,,101.96,11-Dec-2019 - 00:00,"Mahape, Navi Mumbai - MPCB"
11-Dec-2019 - 00:00,115.32,216.1,63.66,74.17,137.83,11.26,18.36,1.26,45.34,21.02,61.75,34.02,30.88,98.97,,283.86,,121.85,12-Dec-2019 - 00:00,"Mahape, Navi Mumbai - MPCB"
12-Dec-2019 - 00:00,112.51,211.07,59.37,55.01,114.39,11.38,18.01,1.03,51.59,19.84,60.03,33.36,29.88,98.42,,305.69,,180.39,13-Dec-2019 - 00:00,"Mahape, Navi Mumbai - MPCB"
13-Dec-2019 - 00:00,98.94,191.31,63.91,43.59,105.34,12.59,19.6,1.02,27.93,22.24,60.97,33.1,26.46,99.92,,92.48,,159.19,14-Dec-2019 - 00:00,"Mahape, Navi Mumbai - MPCB"
14-Dec-2019 - 00:00,68.91,139.0,48.91,31.91,80.82,10.92,16.0,0.75,49.99,21.38,45.4,18.44,28.16,97.99,,336.18,,109.22,15-Dec-2019 - 00:00,"Mahape, Navi Mumbai - MPCB"
15-Dec-2019 - 00:00,70.26,132.43,48.47,16.17,64.64,10.9,18.41,0.77,62.21,18.9,45.11,14.28,28.97,96.84,,316.11,,111.0,16-Dec-2019 - 00:00,"Mahape, Navi Mumbai - MPCB"
16-Dec-2019 - 00:00,85.99,145.23,50.2,24.51,74.71,11.01,18.16,0.85,50.17,21.27,43.11,15.14,29.48,98.06,,286.71,,118.52,17-Dec-2019 - 00:00,"Mahape, Navi Mumbai - MPCB"
17-Dec-2019 - 00:00,75.92,145.27,45.23,53.55,98.77,10.18,18.06,1.01,36.37,18.24,59.48,26.81,30.72,94.01,,308.86,,122.16,18-Dec-2019 - 00:00,"Mahape, Navi Mumbai - MPCB"
18-Dec-2019 - 00:00,76.75,152.86,44.31,63.96,105.92,9.35,19.21,1.03,40.59,16.8,89.19,38.98,30.41,93.84,,295.83,,148.29,19-Dec-2019 - 00:00,"Mahape, Navi Mumbai - MPCB"
19-Dec-2019 - 00:00,76.61,135.05,46.56,23.62,70.17,10.02,17.71,0.8,47.94,16.68,73.65,32.11,30.68,92.75,,314.55,,112.78,20-Dec-2019 - 00:00,"Mahape, Navi Mumbai - MPCB"
20-Dec-2019 - 00:00,102.29,184.67,67.51,46.9,114.41,9.45,17.15,1.23,51.55,20.4,78.2,37.79,30.22,95.84,,279.92,,103.71,21-Dec-2019 - 00:00,"Mahape, Navi Mumbai - MPCB"
21-Dec-2019 - 00:00,108.21,205.35,63.18,65.76,128.95,10.12,19.08,1.39,32.49,21.88,85.65,51.52,29.69,98.45,,176.35,,121.75,22-Dec-2019 - 00:00,"Mahape, Navi Mumbai - MPCB"
22-Dec-2019 - 00:00,104.12,183.85,56.64,48.76,105.39,11.32,18.76,1.45,35.91,23.05,83.33,47.97,30.71,96.13,,206.82,,131.77,23-Dec-2019 - 00:00,"Mahape, Navi Mumbai - MPCB"
23-Dec-2019 - 00:00,114.32,213.27,68.57,71.31,139.91,11.26,20.66,1.53,29.47,26.59,82.06,56.39,31.01,97.27,,240.06,,124.25,24-Dec-2019 - 00:00,"Mahape, Navi Mumbai - MPCB"
24-Dec-2019 - 00:00,133.77,219.99,77.42,51.11,128.53,13.33,19.72,1.44,35.92,25.47,82.98,51.43,30.88,98.84,,241.19,,111.03,25-Dec-2019 - 00:00,"Mahape, Navi Mumbai - MPCB"
25-Dec-2019 - 00:00,139.85,207.87,44.26,9.91,54.17,13.84,19.32,1.11,65.54,22.56,67.78,26.43,30.87,99.91,,141.52,,110.03,26-Dec-2019 - 00:00,"Mahape, Navi Mumbai - MPCB"
26-Dec-2019 - 00:00,98.64,160.54,38.33,34.32,72.62,10.23,21.05,1.0,48.95,17.91,58.2,20.08,30.17,94.75,,293.81,,97.37,27-Dec-2019 - 00:00,"Mahape, Navi Mumbai - MPCB"
27-Dec-2019 - 00:00,105.09,179.67,54.34,39.35,93.68,10.18,19.43,1.16,39.82,20.31,71.09,36.36,29.15,96.2,,299.52,,114.86,28-Dec-2019 - 00:00,"Mahape, Navi Mumbai - MPCB"
28-Dec-2019 - 00:00,80.88,139.52,46.44,25.22,71.66,11.08,17.55,0.96,40.45,19.71,70.01,31.39,29.95,96.45,,284.69,,136.88,29-Dec-2019 - 00:00,"Mahape, Navi Mumbai - MPCB"
29-Dec-2019 - 00:00,82.58,140.89,51.12,15.43,66.55,11.08,24.25,0.93,47.39,17.84,78.26,33.91,29.41,99.03,,219.36,,93.95,30-Dec-2019 - 00:00,"Mahape, Navi Mumbai - MPCB"
30-Dec-2019 - 00:00,96.63,167.01,63.14,26.47,89.61,10.74,23.22,1.15,53.81,18.69,74.15,28.59,28.17,99.84,,256.63,,108.56,31-Dec-2019 - 00:00,"Mahape, Navi Mumbai - MPCB"
31-Dec-2019 - 00:00,88.0,143.13,94.44,34.4,128.84,9.02,11.04,1.15,26.44,20.89,84.34,35.09,24.4,99.91,,,,34.71,01-Jan-2020 - 00:00,"Mahape, Navi Mumbai - MPCB"
